Product Name,Category,Sell Price,Condition,Language,Add Qty,Finish,ASIN,TCG Player Name, TCG Player ID
Forest (593) - Retro Frame,30th Anniversary Edition,3.06,Near Mint,English,3,Normal,,Forest (593) (Retro Frame),449497
Forest (594) - Retro Frame,30th Anniversary Edition,2.0,Near Mint,English,4,Normal,,Forest (594) (Retro Frame),449498
Island (583) - Retro Frame,30th Anniversary Edition,6.58,Near Mint,English,1,Normal,,Island (583) (Retro Frame),449487
Island (584) - Retro Frame,30th Anniversary Edition,3.25,Near Mint,English,1,Normal,,Island (584) (Retro Frame),449488
Island (585) - Retro Frame,30th Anniversary Edition,2.3,Near Mint,English,1,Normal,,Island (585) (Retro Frame),449489
Mountain (589) - Retro Frame,30th Anniversary Edition,1.45,Near Mint,English,1,Normal,,Mountain (589) (Retro Frame),449493
Mountain (591) - Retro Frame,30th Anniversary Edition,1.84,Near Mint,English,4,Normal,,Mountain (591) (Retro Frame),449495
Plains (580) - Retro Frame,30th Anniversary Edition,2.43,Near Mint,English,1,Normal,,Plains (580) (Retro Frame),449484
Plains (581) - Retro Frame,30th Anniversary Edition,2.7,Near Mint,English,2,Normal,,Plains (581) (Retro Frame),449485
Plains (582) - Retro Frame,30th Anniversary Edition,3.29,Near Mint,English,1,Normal,,Plains (582) (Retro Frame),449486
Battle Cry Goblin,Adventures in the Forgotten Realms,0.54,Near Mint,English,2,Normal,B09JN686DR,Battle Cry Goblin,243156
"Ebondeath, Dracolich",Adventures in the Forgotten Realms,3.21,Near Mint,English,1,Normal,B09JN6TQYX,"Ebondeath, Dracolich",243073
Feign Death,Adventures in the Forgotten Realms,0.49,Near Mint,English,1,Normal,B09JN66MN8,Feign Death,243205
Hall of Storm Giants,Adventures in the Forgotten Realms,2.15,Near Mint,English,1,Normal,B09JN6F8DJ,Hall of Storm Giants,243193
Minion of the Mighty,Adventures in the Forgotten Realms,0.92,Near Mint,English,1,Normal,B09JN6G94W,Minion of the Mighty,243053
Prosperous Innkeeper,Adventures in the Forgotten Realms,0.87,Near Mint,English,1,Normal,B09JN64KHY,Prosperous Innkeeper,239194
Wish,Adventures in the Forgotten Realms,0.66,Near Mint,English,1,Normal,B09JN71MBF,Wish,243170
Trophy Mage,Aether Revolt,0.39,Near Mint,English,1,Normal,B01MYA4K98,Trophy Mage,125849
Architects of Will,Alara Reborn,1.51,Near Mint,English,1,Normal,B002C405BQ,Architects of Will,31696
Soldevi Adnate (Female),Alliances,0.58,Near Mint,English,1,Normal,B005OV5FSW,Soldevi Adnate (Woman),81843
Bontu the Glorified,Amonkhet,2.09,Near Mint,English,1,Normal,B071R81HJG,Bontu the Glorified,130067
Lightning Angel,Apocalypse,0.81,Near Mint,English,1,Normal,B005OV4CZO,Lightning Angel,7985
Phyrexian Rager,Apocalypse,0.27,Near Mint,English,2,Normal,B005OV4JFC,Phyrexian Rager,8010
Dragonmaster Outcast,Battle for Zendikar,0.82,Near Mint,English,1,Normal,B015D1QDTC,Dragonmaster Outcast,105295
Sanctum of Ugin,Battle for Zendikar,1.48,Near Mint,English,1,Normal,B015EMOBSU,Sanctum of Ugin,105304
Myr Token,Battlebond,0.19,Near Mint,English,1,Normal,B07FKT78KV,Myr Token,168160
Archetype of Courage,Born of the Gods,1.04,Near Mint,English,2,Normal,B00HWJ08QS,Archetype of Courage,78841
Skred,Coldsnap,2.98,Near Mint,English,3,Normal,B005OV49RA,Skred,14113
Plains (289),Collectors' Edition,2.68,Near Mint,English,1,Normal,,Plains (A) (CE),97695
Cultivate,Commander 2011,0.77,Near Mint,English,1,Normal,B005LHP6X8,Cultivate,47366
Control Magic,Commander 2013,0.6,Near Mint,English,1,Normal,B00G6TWF20,Control Magic,72071
Fecundity,Commander 2013,0.51,Near Mint,English,1,Normal,B00G6TYLOA,Fecundity,72112
Nihil Spellbomb,Commander 2013,0.54,Near Mint,English,1,Normal,B00G6TVQIY,Nihil Spellbomb,72205
Reincarnation,Commander 2013,0.99,Near Mint,English,1,Normal,B00G6TZGWQ,Reincarnation,72240
Adarkar Valkyrie,Commander 2014,0.94,Near Mint,English,1,Normal,B00P6O5ZSC,Adarkar Valkyrie,94206
Artisan of Kozilek,Commander 2014,0.47,Near Mint,English,1,Normal,B00P6O4ATC,Artisan of Kozilek,94213
Brave the Elements,Commander 2014,0.91,Near Mint,English,1,Normal,B00P6O3FZC,Brave the Elements,94209
Gift of Estates,Commander 2014,1.01,Near Mint,English,1,Normal,B00P6O3D9U,Gift of Estates,94224
"Nahiri, the Lithomancer",Commander 2014,0.76,Near Mint,English,1,Normal,B00OZXY5WW,"Nahiri, the Lithomancer",94194
Ob Nixilis of the Black Oath,Commander 2014,1.92,Near Mint,English,1,Normal,B00OYKP9OO,Ob Nixilis of the Black Oath,94096
Ghost Quarter,Commander 2015,0.75,Near Mint,English,1,Normal,B017ONQRRK,Ghost Quarter,108141
Solemn Simulacrum,Commander 2015,1.09,Near Mint,English,1,Normal,B017ONQENW,Solemn Simulacrum,108103
Azorius Signet,Commander 2018,0.51,Near Mint,English,1,Normal,B07G1YKNMN ,Azorius Signet,171107
Blinkmoth Urn,Commander 2018,1.84,Near Mint,English,1,Normal,B07G22H94F ,Blinkmoth Urn,171109
Crib Swap,Commander 2018,0.48,Near Mint,English,1,Normal,B07G1ZS53T ,Crib Swap,171161
Isolated Watchtower,Commander 2018,0.84,Near Mint,English,1,Normal,B07G1YY87B ,Isolated Watchtower,171047
Empowered Autogenerator,Commander 2019,1.32,Near Mint,English,1,Normal,B07W79H31M,Empowered Autogenerator,196463
Grim Haruspex,Commander 2019,2.13,Near Mint,English,1,Normal,B07W9J3G7X,Grim Haruspex,196522
Llanowar Wastes,Commander 2019,1.27,Near Mint,English,1,Normal,B07WF2KJS7,Llanowar Wastes,196510
Sevinne's Reclamation,Commander 2019,0.51,Near Mint,English,1,Normal,B07WD1GF3N,Sevinne's Reclamation,196278
Thieving Amalgam,Commander 2019,1.37,Near Mint,English,1,Normal,B07WD1HX3L,Thieving Amalgam,196459
Yavimaya Coast,Commander 2019,2.17,Near Mint,English,1,Normal,B07WF34MQS,Yavimaya Coast,196496
Comet Storm,Commander 2020,0.9,Near Mint,English,1,Normal,B0872J6DVF,Comet Storm,212448
Despark,Commander 2020,0.42,Near Mint,English,1,Normal,B0872HQN8M,Despark,212309
Grisly Salvage,Commander 2020,0.73,Near Mint,English,1,Normal,B0872J9ZXQ,Grisly Salvage,212316
Halimar Depths,Commander 2020,0.6,Near Mint,English,1,Normal,B0872KKNCR,Halimar Depths,212416
Murmuring Mystic,Commander 2020,0.37,Near Mint,English,1,Normal,B0872KDL4H,Murmuring Mystic,212410
Nyx Weaver,Commander 2020,1.02,Near Mint,English,1,Normal,B0872JTQK5,Nyx Weaver,212327
Vastwood Hydra,Commander 2020,0.86,Near Mint,English,1,Normal,B0872JXN5R,Vastwood Hydra,212517
Caves of Koilos,Commander 2021,0.71,Near Mint,English,1,Normal,,Caves of Koilos,236443
Duelist's Heritage,Commander 2021,0.68,Near Mint,English,1,Normal,,Duelist's Heritage,236678
Incarnation Technique,Commander 2021,5.0,Near Mint,English,1,Normal,,Incarnation Technique,236398
Keen Duelist,Commander 2021,2.02,Near Mint,English,1,Normal,,Keen Duelist,236399
Wurm // Kraken Token,Commander 2021,0.63,Near Mint,English,1,Normal,,Wurm // Kraken Double-sided Token,237062
Scourge of Nel Toth,Commander Anthology,0.54,Near Mint,English,1,Normal,B072JL528T,Scourge of Nel Toth,132144
Austere Command,Commander Legends,0.64,Near Mint,English,1,Normal,B08NWKSDWJ,Austere Command,226930
Body of Knowledge - Extended Art,Commander Legends,1.69,Near Mint,English,1,Normal,B08NWM4TLJ,Body of Knowledge (Extended Art),227160
Fyndhorn Elves,Commander Legends,1.01,Near Mint,English,1,Normal,B08NWL8FLS,Fyndhorn Elves,226624
"Kediss, Emberclaw Familiar",Commander Legends,2.19,Near Mint,English,1,Normal,B08NWL7G5K,"Kediss, Emberclaw Familiar",226634
Necrotic Hex - Extended Art,Commander Legends,1.56,Near Mint,English,1,Normal,B08NWP1P4J,Necrotic Hex (Extended Art),226904
"Odric, Lunarch Marshal - Theme Deck Exclusive",Commander Legends,0.56,Near Mint,English,1,Normal,B08NWKYZ9J,"Odric, Lunarch Marshal",227266
Terastodon - Theme Deck Exclusive,Commander Legends,0.74,Near Mint,English,1,Normal,B08NWL6CHL,Terastodon,227359
Victimize,Commander Legends,0.66,Near Mint,English,1,Normal,B08NWPG1X2,Victimize,226880
Whelming Wave - Theme Deck Exclusive,Commander Legends,1.04,Near Mint,English,1,Normal,B08NWN43K5,Whelming Wave,227308
Astarion's Thirst,Commander Legends: Battle for Baldur's Gate,0.53,Near Mint,English,1,Normal,B0B55C5RF9,Astarion's Thirst,273058
Captain N'ghathrod - Extended Art,Commander: Commander Legends: Battle for Baldur's Gate,4.83,Near Mint,English,2,Normal,,Captain N'ghathrod (Extended Art),273893
Castle Vantress,Commander: Commander Legends: Battle for Baldur's Gate,1.24,Near Mint,English,1,Normal,,Castle Vantress,273568
Chaos Dragon,Commander: Commander Legends: Battle for Baldur's Gate,1.44,Near Mint,English,1,Normal,,Chaos Dragon,273874
Clan Crafter - Extended Art,Commander: Commander Legends: Battle for Baldur's Gate,1.06,Near Mint,English,3,Normal,,Clan Crafter (Extended Art),273848
Dissipation Field,Commander: Commander Legends: Battle for Baldur's Gate,0.6,Near Mint,English,1,Normal,,Dissipation Field,273575
Earthquake Dragon - Extended Art,Commander Legends: Battle for Baldur's Gate,1.62,Near Mint,English,1,Normal,,Earthquake Dragon (Extended Art),273065
Endless Evil - Extended Art,Commander: Commander Legends: Battle for Baldur's Gate,0.68,Near Mint,English,1,Normal,,Endless Evil (Extended Art),273870
Jaheira's Respite - Extended Art,Commander Legends: Battle for Baldur's Gate,0.49,Near Mint,English,1,Normal,,Jaheira's Respite (Extended Art),272585
Majestic Genesis,Commander Legends: Battle for Baldur's Gate,1.88,Near Mint,English,1,Normal,B0B55B7HHC,Majestic Genesis,272735
"Miirym, Sentinel Wyrm - Showcase",Commander Legends: Battle for Baldur's Gate,0.67,Near Mint,English,1,Normal,,"Miirym, Sentinel Wyrm (Showcase)",273402
Mocking Doppelganger - Extended Art,Commander: Commander Legends: Battle for Baldur's Gate,0.66,Near Mint,English,1,Normal,,Mocking Doppelganger (Extended Art),273851
Wizards of Thay - Extended Art,Commander Legends: Battle for Baldur's Gate,0.54,Near Mint,English,1,Normal,,Wizards of Thay (Extended Art),272767
Wyll's Reversal,Commander Legends: Battle for Baldur's Gate,1.14,Near Mint,English,1,Normal,B0B55C28KK,Wyll's Reversal,272737
"Wyll, Blade of Frontiers",Commander Legends: Battle for Baldur's Gate,1.07,Near Mint,English,1,Normal,B0B559W43W,"Wyll, Blade of Frontiers",272818
"Wyll, Blade of Frontiers - Showcase",Commander Legends: Battle for Baldur's Gate,0.54,Near Mint,English,3,Normal,B0B55D1DGP,"Wyll, Blade of Frontiers (Showcase)",272820
Abstruse Archaic,Commander Masters,0.72,Near Mint,English,1,Normal,,Abstruse Archaic,506741
Crashing Drawbridge,Commander Masters,1.25,Near Mint,English,1,Normal,,Crashing Drawbridge,506728
"Daretti, Scrap Savant",Commander Masters,1.05,Near Mint,English,1,Normal,,"Daretti, Scrap Savant",503645
Dreadhorde Invasion,Commander Masters,0.76,Near Mint,English,1,Normal,,Dreadhorde Invasion,505994
Everflowing Chalice,Commander Masters,0.6,Near Mint,English,1,Normal,,Everflowing Chalice,506739
Geier Reach Sanitarium,Commander Masters,1.12,Near Mint,English,1,Normal,,Geier Reach Sanitarium,506676
Mirage Mirror,Commander Masters,1.31,Near Mint,English,1,Normal,,Mirage Mirror,506709
Mystic Forge,Commander Masters,2.13,Near Mint,English,1,Normal,,Mystic Forge,506714
Oblivion Sower,Commander Masters,0.94,Near Mint,English,1,Normal,,Oblivion Sower,506650
Ornithopter of Paradise,Commander Masters,1.67,Near Mint,English,1,Normal,,Ornithopter of Paradise,506732
Scavenger Grounds,Commander Masters,1.33,Near Mint,English,2,Normal,,Scavenger Grounds,506686
Skittering Cicada,Commander Masters,1.83,Near Mint,English,1,Normal,,Skittering Cicada,506767
Solemn Simulacrum,Commander Masters,0.74,Near Mint,English,2,Normal,,Solemn Simulacrum,506685
Steel Hellkite,Commander Masters,0.52,Near Mint,English,1,Normal,,Steel Hellkite,506699
Stonecoil Serpent,Commander Masters,0.99,Near Mint,English,1,Normal,,Stonecoil Serpent,506702
Ugin's Mastery,Commander Masters,0.97,Near Mint,English,1,Normal,,Ugin's Mastery,506780
"Goreclaw, Terror of Qal Sisma",Core Set 2019,0.65,Near Mint,English,1,Normal,B07F6Y5BTY,"Goreclaw, Terror of Qal Sisma",169109
Angel of Vitality,Core Set 2020,1.03,Near Mint,English,4,Normal,B07TDCTNN9,Angel of Vitality,192522
Conspicuous Snoop,Core Set 2021,4.97,Near Mint,English,4,Normal,B08BKC2H2H,Conspicuous Snoop,215603
Garruk's Uprising - Showcase,Core Set 2021,0.85,Near Mint,English,1,Normal,B08BKDCDBX,Garruk's Uprising (Showcase),215626
Llanowar Visionary - Dark Frame Promo Pack,Promo Pack: Core Set 2021,1.02,Near Mint,English,1,Normal,,Llanowar Visionary,215688
Shacklegeist - Extended Art,Core Set 2021,0.86,Near Mint,English,1,Normal,B08BK9YN9N,Shacklegeist (Extended Art),215927
Disorder in the Court - Extended Art,Commander: Innistrad: Crimson Vow,1.23,Near Mint,English,1,Normal,B09MBSNSJN,Disorder in the Court (Extended Art),254679
Imprisoned in the Moon,Commander: Innistrad: Crimson Vow,0.75,Near Mint,English,2,Normal,,Imprisoned in the Moon,254207
"Kamber, the Plunderer - Extended Art",Commander: Innistrad: Crimson Vow,1.19,Near Mint,English,1,Normal,,"Kamber, the Plunderer (Extended Art)",254667
Olivia's Wrath - Extended Art,Commander: Innistrad: Crimson Vow,1.46,Near Mint,English,1,Normal,,Olivia's Wrath (Extended Art),254670
Thundering Mightmare,Commander: Innistrad: Crimson Vow,0.71,Near Mint,English,1,Normal,,Thundering Mightmare,253808
Thundering Mightmare - Extended Art,Commander: Innistrad: Crimson Vow,0.75,Near Mint,English,1,Normal,B09MBTJBMN,Thundering Mightmare (Extended Art),253817
Curse of Misfortunes,Dark Ascension,0.77,Near Mint,English,1,Normal,B0070T1B98,Curse of Misfortunes,57808
Increasing Ambition,Dark Ascension,0.75,Near Mint,English,1,Normal,B0071DSJ8E,Increasing Ambition,57815
The Ninth Doctor - Showcase,Doctor Who,1.27,Near Mint,English,1,Normal,,The Ninth Doctor (Showcase),519074
Cabal Stronghold,Dominaria,10.32,Near Mint,English,1,Normal,B07CQW7VQP,Cabal Stronghold,164377
"Danitha Capashen, Paragon",Dominaria,0.23,Near Mint,English,1,Normal,B07CRNPCJ7,"Danitha Capashen, Paragon",163814
History of Benalia,Dominaria,0.92,Near Mint,English,1,Normal,B07CQSYW4M,History of Benalia,162200
Jhoira's Familiar,Dominaria,0.86,Near Mint,English,5,Normal,B07CRN5WPK,Jhoira's Familiar,162257
Merfolk Trickster,Dominaria,1.22,Near Mint,English,1,Normal,B07CRRXM8S,Merfolk Trickster,162225
"Muldrotha, the Gravetide",Dominaria,10.4,Near Mint,English,1,Normal,B07CQT2GZ5,"Muldrotha, the Gravetide",162139
Sylvan Awakening,Dominaria,1.51,Near Mint,English,1,Normal,B07CR377YK,Sylvan Awakening,162247
Oversold Cemetery - Borderless,Dominaria Remastered,0.54,Near Mint,English,1,Normal,,Oversold Cemetery (Borderless),457237
Pashalik Mons - Retro Frame,Dominaria Remastered,0.65,Near Mint,English,1,Normal,,Pashalik Mons (Retro Frame),457243
Worldgorger Dragon - Retro Frame,Dominaria Remastered,0.53,Near Mint,English,1,Normal,,Worldgorger Dragon (Retro Frame),457102
Anointed Peacekeeper,Dominaria United,0.54,Near Mint,English,1,Normal,B0BDY1RKL7,Anointed Peacekeeper,283402
Destroy Evil,Dominaria United,1.03,Near Mint,English,3,Normal,B0BDY2RKWK,Destroy Evil,283655
"Jaya, Fiery Negotiator",Dominaria United,0.52,Near Mint,English,3,Normal,,"Jaya, Fiery Negotiator",279827
Negate,Dominaria United,0.27,Near Mint,English,5,Normal,,Negate,283488
Resolute Reinforcements,Dominaria United,0.4,Near Mint,English,2,Normal,B0BDY4D3SN,Resolute Reinforcements,282794
"Rith, Liberated Primeval - Showcase",Dominaria United,0.57,Near Mint,English,2,Normal,,"Rith, Liberated Primeval (Showcase)",283481
Rivaz of the Claw,Dominaria United,1.34,Near Mint,English,1,Normal,B0BDY2LZ2V,Rivaz of the Claw,283421
Rundvelt Hordemaster,Dominaria United,1.11,Near Mint,English,1,Normal,B0BDY2HH42,Rundvelt Hordemaster,283186
Soul of Windgrace,Dominaria United,0.64,Near Mint,English,1,Normal,,Soul of Windgrace,282777
"Squee, Dubious Monarch",Dominaria United,0.73,Near Mint,English,1,Normal,B0BDY2398M,"Squee, Dubious Monarch",282735
Weatherlight Compleated,Dominaria United,0.63,Near Mint,English,1,Normal,,Weatherlight Compleated,283162
"Zur, Eternal Schemer",Dominaria United,1.12,Near Mint,English,1,Normal,,"Zur, Eternal Schemer",282775
Emperor Mihail II,Commander: Dominaria United,0.78,Near Mint,English,1,Normal,,Emperor Mihail II,283611
Trash for Treasure,Double Masters,0.75,Near Mint,English,1,Normal,B08DX9WR27,Trash for Treasure,218373
Atarka's Command,Double Masters 2022,0.79,Near Mint,English,1,Normal,,Atarka's Command,277177
Backdraft Hellkite,Double Masters 2022,0.49,Near Mint,English,1,Normal,,Backdraft Hellkite,276470
Forbidden Orchard - Borderless,Double Masters 2022,6.94,Near Mint,English,1,Normal,,Forbidden Orchard (Borderless),276662
"Skullbriar, the Walking Grave",Double Masters 2022,0.63,Near Mint,English,1,Normal,,"Skullbriar, the Walking Grave",276836
Wall of Omens,Double Masters 2022,0.61,Near Mint,English,1,Normal,,Wall of Omens,276665
"Mirko Vosk, Mind Drinker",Dragon's Maze,0.58,Near Mint,English,1,Normal,B00CBICU8Y,"Mirko Vosk, Mind Drinker",67908
Dragon Whisperer,Dragons of Tarkir,0.6,Near Mint,English,1,Normal,B00UI4R448,Dragon Whisperer,96522
Explosive Vegetation,Dragons of Tarkir,0.6,Near Mint,English,2,Normal,B00UO0KTMK,Explosive Vegetation,96732
Impact Tremors,Dragons of Tarkir,0.59,Near Mint,English,1,Normal,B00UO0O6YW,Impact Tremors,96697
Inspiring Call,Dragons of Tarkir,0.4,Near Mint,English,1,Normal,B00UO0L5FU,Inspiring Call,96743
Butcher Ghoul,Duel Decks: Blessed vs Cursed,0.86,Near Mint,English,2,Normal,B01BUL9RYM,Butcher Ghoul,113225
Seraph Sanctuary,Duel Decks: Blessed vs Cursed,1.18,Near Mint,English,1,Normal,B01BUL9SLO,Seraph Sanctuary,113315
Victim of Night,Duel Decks: Blessed vs Cursed,0.53,Near Mint,English,1,Normal,B01BULA34K,Victim of Night,113348
Myr Token,Duel Decks: Elves vs. Inventors,0.79,Near Mint,English,1,Normal,,Myr Token,164392
Orcish Lumberjack,Duel Decks: Heroes vs Monsters,0.61,Near Mint,English,1,Normal,B00F0WZ7D8,Orcish Lumberjack,71066
Eternal Scourge,Eldritch Moon,2.98,Near Mint,English,1,Normal,B01HSE6KVI,Eternal Scourge,120119
Counterspell,Eternal Masters,1.15,Near Mint,English,1,Normal,B01G5S4D4Y,Counterspell,118445
Wall of Omens,Eternal Masters,0.47,Near Mint,English,1,Normal,B01G9EI386,Wall of Omens,118647
Necropolis Regent,Explorers of Ixalan,0.67,Near Mint,English,1,Normal,B079HJS3NR,Necropolis Regent,152487
Aeolipile,Fallen Empires,2.0,Near Mint,English,1,Normal,B005OV4ECK,Aeolipile,3596
Conch Horn,Fallen Empires,5.04,Near Mint,English,1,Normal,B005OV4KLK,Conch Horn,3616
Draconian Cylix,Fallen Empires,1.55,Near Mint,English,1,Normal,B005OV4LU0,Draconian Cylix,3621
Elven Lyre,Fallen Empires,0.65,Near Mint,English,1,Normal,B005OV4QOQ,Elven Lyre,3636
Fungal Bloom,Fallen Empires,3.27,Near Mint,English,2,Normal,B005OV4UA6,Fungal Bloom,3650
Icatian Lieutenant,Fallen Empires,0.62,Near Mint,English,1,Normal,B005OV546A,Icatian Lieutenant,3691
Spirit Shield,Fallen Empires,0.78,Near Mint,English,1,Normal,B005OV5L40,Spirit Shield,3744
Palace Siege,Fate Reforged,1.05,Near Mint,English,1,Normal,B00RNF2VR0,Palace Siege,95270
All Suns' Dawn,Fifth Dawn,0.57,Near Mint,English,1,Normal,B0062DPF2M,All Suns' Dawn,11853
Possessed Portal,Fifth Dawn,2.64,Near Mint,English,1,Normal,B0062DQDUA,Possessed Portal,11817
Dust to Dust,Fifth Edition,8.19,Near Mint,English,1,Normal,B005OURRCA,Dust to Dust,2119
Order of the Sacred Torch,Fifth Edition,0.63,Near Mint,English,1,Normal,B0062DQNJG,Order of the Sacred Torch,2301
Bucknard's Everfull Purse,Commander: Adventures in the Forgotten Realms,0.71,Near Mint,English,1,Normal,,Bucknard's Everfull Purse,243743
Death Tyrant,Commander: Adventures in the Forgotten Realms,1.97,Near Mint,English,1,Normal,,Death Tyrant,243734
Death Tyrant - Extended Art,Commander: Adventures in the Forgotten Realms,1.93,Near Mint,English,1,Normal,,Death Tyrant (Extended Art),244228
Fevered Suspicion - Extended Art,Commander: Adventures in the Forgotten Realms,2.42,Near Mint,English,1,Normal,,Fevered Suspicion (Extended Art),244252
Geier Reach Sanitarium,Commander: Adventures in the Forgotten Realms,0.54,Near Mint,English,1,Normal,,Geier Reach Sanitarium,243957
Grave Endeavor - Extended Art,Commander: Adventures in the Forgotten Realms,0.56,Near Mint,English,1,Normal,,Grave Endeavor (Extended Art),244229
Halimar Depths,Commander: Adventures in the Forgotten Realms,0.52,Near Mint,English,1,Normal,,Halimar Depths,244009
Hurl Through Hell,Commander: Adventures in the Forgotten Realms,3.02,Near Mint,English,1,Normal,,Hurl Through Hell,243739
Midnight Pathlighter - Extended Art,Commander: Adventures in the Forgotten Realms,1.23,Near Mint,English,1,Normal,,Midnight Pathlighter (Extended Art),244258
Neverwinter Hydra - Extended Art,Commander: Adventures in the Forgotten Realms,6.4,Near Mint,English,1,Normal,,Neverwinter Hydra (Extended Art),244246
Sefris of the Hidden Ways - Extended Art,Commander: Adventures in the Forgotten Realms,3.14,Near Mint,English,1,Normal,,Sefris of the Hidden Ways (Extended Art),244262
Serum Visions,Commander: Adventures in the Forgotten Realms,0.71,Near Mint,English,1,Normal,B09MYBHBGL,Serum Visions,243835
Dark Ritual,Fourth Edition,1.15,Near Mint,English,3,Normal,B005OUR80Q,Dark Ritual,1712
Forest (376),Fourth Edition,0.56,Near Mint,English,3,Normal,B00HZ8JYP2,Forest (A),1758
Island (368),Fourth Edition,0.58,Near Mint,English,3,Normal,B00HZ8JZM4,Island (B),18105
Island (369),Fourth Edition,0.49,Near Mint,English,3,Normal,B00HZ8K1AO,Island (C),1800
Llanowar Elves,Fourth Edition,0.76,Near Mint,English,3,Normal,B005OURI6K,Llanowar Elves,1828
Mana Clash,Fourth Edition,0.74,Near Mint,English,1,Normal,B0062DQXD2,Mana Clash,1836
Mountain (373),Fourth Edition,0.57,Near Mint,English,2,Normal,B00HZ8K3JS,Mountain (A),18108
Mountain (374),Fourth Edition,0.47,Near Mint,English,1,Normal,B00HZ8K5DW,Mountain (B),1853
Plains (364),Fourth Edition,0.73,Near Mint,English,5,Normal,B00HZ8K9C4,Plains (A),1881
Plains (365),Fourth Edition,0.64,Near Mint,English,1,Normal,B00HZ8K8ES,Plains (B),18110
Boros Signet,Guilds of Ravnica Guild Kits,0.77,Near Mint,English,2,Normal,B07J3SMLWG,Boros Signet,177406
Alpha Authority,Gatecrash,2.7,Near Mint,English,1,Normal,B00B3Z4E9E,Alpha Authority,67583
Enter the Infinite,Gatecrash,4.47,Near Mint,English,1,Normal,B00B00XNM6,Enter the Infinite,67317
Circuitous Route,Guilds of Ravnica,0.68,Near Mint,English,1,Normal,B07HCQKWQ4,Circuitous Route,176885
Mausoleum Secrets,Guilds of Ravnica,0.86,Near Mint,English,1,Normal,B07HCPPN55,Mausoleum Secrets,176443
Truce,Homelands,1.12,Near Mint,English,1,Normal,B005OV5V2M,Truce,4566
Winter Sky,Homelands,1.36,Near Mint,English,1,Normal,B005OV5W4O,Winter Sky,4572
"Unesh, Criosphinx Sovereign",Hour of Devastation,0.84,Near Mint,English,1,Normal,B073G9F9WC,"Unesh, Criosphinx Sovereign",135061
Glacial Crevasses,Ice Age,2.15,Near Mint,English,1,Normal,B0062DQKG2,Glacial Crevasses,4704
Lhurgoyf,Ice Age,0.88,Near Mint,English,1,Normal,B0062DRFUC,Lhurgoyf,4782
Star Compass,Iconic Masters,0.58,Near Mint,English,1,Normal,B077GD6524,Star Compass,145450
Forest (272),Ikoria: Lair of Behemoths,1.19,Near Mint,English,5,Normal,B086Z777X6,Forest,212774
"Lukka, Coppercoat Outcast",Ikoria: Lair of Behemoths,0.82,Near Mint,English,1,Normal,B086Z6GJ2P,"Lukka, Coppercoat Outcast",211996
Plains (260),Ikoria: Lair of Behemoths,0.64,Near Mint,English,1,Normal,B086Z76NDT,Plains,212754
Swamp (266),Ikoria: Lair of Behemoths,1.1,Near Mint,English,2,Normal,B086Z7GFZ3,Swamp,212764
Army of the Damned,Innistrad,0.96,Near Mint,English,1,Normal,B005LF50TU,Army of the Damned,52209
End the Festivities,Innistrad: Crimson Vow,1.64,Near Mint,English,1,Normal,B09MBTMXMG,End the Festivities,253770
Faithbound Judge // Sinner's Judgment,Innistrad: Crimson Vow,0.96,Near Mint,English,1,Normal,,Faithbound Judge,253513
Headless Rider,Innistrad: Crimson Vow,2.42,Near Mint,English,1,Normal,,Headless Rider,253458
Howling Moon,Innistrad: Crimson Vow,0.95,Near Mint,English,2,Normal,,Howling Moon,253675
Howlpack Piper // Wildsong Howler,Innistrad: Crimson Vow,0.82,Near Mint,English,1,Normal,,Howlpack Piper,253469
Kessig Flamebreather,Innistrad: Crimson Vow,0.74,Near Mint,English,1,Normal,B09MBTHTGG,Kessig Flamebreather,253555
Mirrorhall Mimic // Ghastly Mimicry - Extended Art,Innistrad: Crimson Vow,1.02,Near Mint,English,4,Normal,,Mirrorhall Mimic (Extended Art),253485
Reckless Impulse,Innistrad: Crimson Vow,0.49,Near Mint,English,1,Normal,,Reckless Impulse,253542
Abraham Van Helsing - Savior of Ollenbock,Innistrad: Crimson Vow,0.67,Near Mint,English,1,Normal,B09MBT4GP4,Abraham Van Helsing - Savior of Ollenbock,253200
Swamp (272),Innistrad: Crimson Vow,0.61,Near Mint,English,1,Normal,,Swamp (272),253435
Voldaren Epicure,Innistrad: Crimson Vow,0.48,Near Mint,English,1,Normal,B09MBT5M2L,Voldaren Epicure,253753
"Jacob Hauken, Inspector // Hauken's Insight",Innistrad: Double Feature,0.49,Near Mint,English,1,Normal,,"Jacob Hauken, Inspector",255441
Consuming Blob,Innistrad: Midnight Hunt,0.5,Near Mint,English,1,Normal,B09M69SMGG,Consuming Blob,248056
Falkenrath Pit Fighter - Extended Art,Innistrad: Midnight Hunt,0.55,Near Mint,English,1,Normal,B09M66KY29,Falkenrath Pit Fighter (Extended Art),248068
Fateful Absence - Extended Art,Innistrad: Midnight Hunt,1.25,Near Mint,English,1,Normal,B09M6FBJ7S,Fateful Absence (Extended Art),248226
Infernal Grasp,Innistrad: Midnight Hunt,1.23,Near Mint,English,1,Normal,B09M6N6QCS,Infernal Grasp,246014
Malevolent Hermit // Benevolent Geist,Innistrad: Midnight Hunt,1.36,Near Mint,English,1,Normal,B09M5YZ73C,Malevolent Hermit,248289
Memory Deluge,Innistrad: Midnight Hunt,0.92,Near Mint,English,2,Normal,B09M5XMLSK,Memory Deluge,248210
Moonveil Regent,Innistrad: Midnight Hunt,0.49,Near Mint,English,1,Normal,B09M695NTW,Moonveil Regent,248003
Pithing Needle - Extended Art,Innistrad: Midnight Hunt,0.89,Near Mint,English,1,Normal,B09M6CHWGN,Pithing Needle (Extended Art),247970
Primal Adversary,Innistrad: Midnight Hunt,0.96,Near Mint,English,2,Normal,B09M5XDXN5,Primal Adversary,248228
Rite of Harmony,Innistrad: Midnight Hunt,1.23,Near Mint,English,1,Normal,B09M5T1MYS,Rite of Harmony,247869
"Saryth, the Viper's Fang",Innistrad: Midnight Hunt,2.29,Near Mint,English,1,Normal,B09M5ZQ2SD,"Saryth, the Viper's Fang",247906
"Saryth, the Viper's Fang - Showcase",Innistrad: Midnight Hunt,1.62,Near Mint,English,1,Normal,B09M663CX9,"Saryth, the Viper's Fang (Showcase)",247800
Sigarda's Splendor - Extended Art,Innistrad: Midnight Hunt,0.68,Near Mint,English,1,Normal,B09M5QJS39,Sigarda's Splendor (Extended Art),248101
"Sigarda, Champion of Light",Innistrad: Midnight Hunt,1.1,Near Mint,English,3,Normal,B09M5T1YCB,"Sigarda, Champion of Light",247836
Smoldering Egg // Ashmouth Dragon,Innistrad: Midnight Hunt,0.64,Near Mint,English,1,Normal,B09M5XHZGY,Smoldering Egg,248219
The Celestus,Innistrad: Midnight Hunt,1.77,Near Mint,English,1,Normal,B09M69365K,The Celestus,247961
Chromatic Sphere,Invasion,1.43,Near Mint,English,2,Normal,B005OV7WX8,Chromatic Sphere,7453
Lotus Guardian,Invasion,0.52,Near Mint,English,1,Normal,B0062DRZSE,Lotus Guardian,7549
Obliterate,Invasion,4.13,Near Mint,English,1,Normal,B005OV55Y6,Obliterate,7570
Goring Ceratops,Ixalan,2.32,Near Mint,English,1,Normal,B075NT7SWQ,Goring Ceratops,141994
Otepec Huntmaster,Ixalan,0.51,Near Mint,English,2,Normal,B075NXWM1K,Otepec Huntmaster,145268
Ranging Raptors,Ixalan,0.68,Near Mint,English,3,Normal,B075NXYVGR,Ranging Raptors,145254
Benevolent Bodyguard,Judgment,0.57,Near Mint,English,1,Normal,B0062DPO1E,Benevolent Bodyguard,10158
Cephalid Constable,Judgment,2.71,Near Mint,English,1,Normal,B005OV6GJO,Cephalid Constable,10195
Planar Chaos,Judgment,1.16,Near Mint,English,1,Normal,B005OV6VKS,Planar Chaos,10257
Prismatic Strands,Judgment,2.47,Near Mint,English,1,Normal,B005OV6VSA,Prismatic Strands,10170
Doomskar - Extended Art,Kaldheim,1.06,Near Mint,English,1,Normal,B08V8W3GXC,Doomskar (Extended Art),230906
Elven Ambush,Kaldheim,1.06,Near Mint,English,1,Normal,B08V85C1SR,Elven Ambush,229274
Resplendent Marshal,Kaldheim,0.62,Near Mint,English,1,Normal,B08V8H5HK2,Resplendent Marshal,230890
Snow-Covered Forest (284),Kaldheim,1.14,Near Mint,English,1,Normal,B08V8F2WMC,Snow-Covered Forest (284),230146
Snow-Covered Island (278),Kaldheim,1.02,Near Mint,English,1,Normal,B08V91XFZW,Snow-Covered Island (278),230148
Snow-Covered Island (279),Kaldheim,1.03,Near Mint,English,1,Normal,B08V88MJ1B,Snow-Covered Island (279),230100
Azorius Signet,Commander: Kaldheim,0.42,Near Mint,English,1,Normal,,Azorius Signet,231193
"Brago, King Eternal",Commander: Kaldheim,2.66,Near Mint,English,1,Normal,,"Brago, King Eternal",231196
Cosmic Intervention,Commander: Kaldheim,3.13,Near Mint,English,1,Normal,B09D99M32R,Cosmic Intervention,230954
Eerie Interlude,Commander: Kaldheim,3.6,Near Mint,English,1,Normal,B09P22C6PV,Eerie Interlude,231218
Elvish Mystic,Commander: Kaldheim,0.63,Near Mint,English,1,Normal,,Elvish Mystic,231208
Springbloom Druid,Commander: Kaldheim,1.73,Near Mint,English,1,Normal,,Springbloom Druid,231262
Blade of the Oni,Kamigawa: Neon Dynasty,0.69,Near Mint,English,1,Normal,,Blade of the Oni,262570
Enthusiastic Mechanaut - Dark Frame Promo,Promo Pack: Kamigawa: Neon Dynasty,7.04,Near Mint,English,1,Normal,,Enthusiastic Mechanaut,262493
Experimental Synthesizer,Kamigawa: Neon Dynasty,0.64,Near Mint,English,2,Normal,B09SZ21CBY,Experimental Synthesizer,262794
"Goro-Goro, Disciple of Ryusei",Kamigawa: Neon Dynasty,0.74,Near Mint,English,1,Normal,,"Goro-Goro, Disciple of Ryusei",262056
Invoke Despair - Extended Art,Kamigawa: Neon Dynasty,0.68,Near Mint,English,1,Normal,,Invoke Despair (Extended Art),262378
"Isshin, Two Heavens as One",Kamigawa: Neon Dynasty,1.55,Near Mint,English,2,Normal,B09SZ2TFZC,"Isshin, Two Heavens as One",262579
"Isshin, Two Heavens as One - Extended Art",Kamigawa: Neon Dynasty,3.74,Near Mint,English,1,Normal,,"Isshin, Two Heavens as One (Extended Art)",262582
"Kairi, the Swirling Sky",Kamigawa: Neon Dynasty,0.56,Near Mint,English,1,Normal,B09SZ38R2N,"Kairi, the Swirling Sky",262032
Kumano Faces Kakkazan // Etching of Kumano,Kamigawa: Neon Dynasty,0.29,Near Mint,English,1,Normal,B09SZ1PQQ9,Kumano Faces Kakkazan,262776
"Light-Paws, Emperor's Voice",Kamigawa: Neon Dynasty,0.91,Near Mint,English,1,Normal,B09SZ1R2BQ,"Light-Paws, Emperor's Voice",262458
Lizard Blades,Kamigawa: Neon Dynasty,0.8,Near Mint,English,1,Normal,,Lizard Blades,262181
Mechtitan Core - Showcase,Kamigawa: Neon Dynasty,1.37,Near Mint,English,1,Normal,,Mechtitan Core (Showcase),262209
Patchwork Automaton,Kamigawa: Neon Dynasty,0.57,Near Mint,English,1,Normal,B09SYZZZ4J,Patchwork Automaton,262721
Tamiyo's Safekeeping,Kamigawa: Neon Dynasty,1.43,Near Mint,English,1,Normal,B09SZ1QKT6,Tamiyo's Safekeeping,262765
"Tamiyo, Compleated Sage",Kamigawa: Neon Dynasty,1.11,Near Mint,English,2,Normal,B09SZ2829Q,"Tamiyo, Compleated Sage",262061
Weaver of Harmony,Kamigawa: Neon Dynasty,1.4,Near Mint,English,1,Normal,B09SZ23QY9,Weaver of Harmony,262448
Grim Haruspex,Khans of Tarkir,0.83,Near Mint,English,1,Normal,B00NHYVAT6,Grim Haruspex,93158
Opulent Palace,Khans of Tarkir,0.46,Near Mint,English,1,Normal,B00NEZIIZM,Opulent Palace,92983
Barbary Apes,Legends,1.78,Near Mint,English,2,Normal,B005OV795O,Barbary Apes,3807
Princess Lucrezia,Legends,1.58,Near Mint,English,1,Normal,B005OV81QU,Princess Lucrezia,3979
Phage the Untouchable,Legions,5.88,Near Mint,English,1,Normal,B005OV5GGS,Phage the Untouchable,10682
Plated Sliver,Legions,0.57,Near Mint,English,1,Normal,B0062DR6WY,Plated Sliver,10710
Honor of the Pure,Magic 2010,0.9,Near Mint,English,1,Normal,B002NMHSK8,Honor of the Pure,32634
Autumn's Veil,Magic 2012,0.44,Near Mint,English,2,Normal,B005ESNIZM,Autumn's Veil,47710
Diabolic Tutor,Magic 2012,0.9,Near Mint,English,1,Normal,B005ESABG6,Diabolic Tutor,47225
Boundless Realms,Magic 2013,1.43,Near Mint,English,1,Normal,B008BV6TKK,Boundless Realms,59805
Mwonvuli Beast Tracker - Game Day Promo,Unique & Misc. Promos,0.64,Near Mint,English,1,Normal,B008H73DRU,Mwonvuli Beast Tracker,59822
Manaweft Sliver,Magic 2014,0.58,Near Mint,English,1,Normal,B00DQCMVVA,Manaweft Sliver,69262
Predatory Sliver,Magic 2014,0.55,Near Mint,English,8,Normal,B00DQCM5HA,Predatory Sliver,69180
Exquisite Firecraft,Magic Origins,1.25,Near Mint,English,1,Normal,B010E6Q8L4,Exquisite Firecraft,100225
Corrupted Conviction,March of the Machine,1.19,Near Mint,English,1,Normal,,Corrupted Conviction,491316
Dusk Legion Duelist,March of the Machine,1.03,Near Mint,English,2,Normal,,Dusk Legion Duelist,490629
Lithomantic Barrage,March of the Machine,1.01,Near Mint,English,1,Normal,,Lithomantic Barrage,490692
"Realmbreaker, the Invasion Tree",March of the Machine,0.88,Near Mint,English,1,Normal,,"Realmbreaker, the Invasion Tree",490395
See Double,March of the Machine,1.04,Near Mint,English,3,Normal,,See Double,490603
See Double - Extended Art,March of the Machine,1.17,Near Mint,English,1,Normal,,See Double (Extended Art),490618
Surge of Salvation,March of the Machine,1.14,Near Mint,English,1,Normal,,Surge of Salvation,490631
Surrak and Goreclaw,March of the Machine,5.23,Near Mint,English,3,Normal,,Surrak and Goreclaw,490400
Voldaren Thrillseeker - Extended Art,March of the Machine,0.92,Near Mint,English,1,Normal,,Voldaren Thrillseeker (Extended Art),490577
Wrenn's Resolve,March of the Machine,0.65,Near Mint,English,1,Normal,,Wrenn's Resolve,491759
Yargle and Multani,March of the Machine,0.85,Near Mint,English,1,Normal,,Yargle and Multani,484555
Zimone and Dina - Showcase,March of the Machine,0.59,Near Mint,English,1,Normal,,Zimone and Dina (Showcase),490974
Deluxe Dragster - Extended Art,Commander: March of the Machine,0.63,Near Mint,English,1,Normal,,Deluxe Dragster (Extended Art),492079
Excise the Imperfect,Commander: March of the Machine,1.35,Near Mint,English,1,Normal,,Excise the Imperfect,491496
Hedron Detonator - Extended Art,Commander: March of the Machine,2.08,Near Mint,English,1,Normal,,Hedron Detonator (Extended Art),492093
Swords to Plowshares,Commander: March of the Machine,0.99,Near Mint,English,1,Normal,,Swords to Plowshares,491426
"Danitha, New Benalia's Light",March of the Machine: The Aftermath,1.01,Near Mint,English,1,Normal,,"Danitha, New Benalia's Light",495656
"Narset, Enlightened Exile",March of the Machine: The Aftermath,3.25,Near Mint,English,1,Normal,,"Narset, Enlightened Exile",495602
Open the Way,March of the Machine: The Aftermath,1.27,Near Mint,English,1,Normal,,Open the Way,495614
Plargg and Nassari,March of the Machine: The Aftermath,1.04,Near Mint,English,2,Normal,,Plargg and Nassari,495621
Brainstorm,Masters 25,1.08,Near Mint,English,1,Normal,B07B6F666N,Brainstorm,161469
Lightning Bolt,Masters 25,1.15,Near Mint,English,1,Normal,B07B6DNVPT,Lightning Bolt,161480
Ravenous Chupacabra,Masters 25,0.54,Near Mint,English,1,Normal,B07B6HF8TG,Ravenous Chupacabra,161810
Whale Token (007),Masters 25,0.55,Near Mint,English,1,Normal,B07B6HYFJ2,Whale Token (007),161846
Saprazzan Bailiff,Mercadian Masques,0.57,Near Mint,English,1,Normal,B0062DQVG6,Saprazzan Bailiff,6681
Statecraft,Mercadian Masques,3.04,Near Mint,English,1,Normal,B0036KX58A,Statecraft,6716
Tectonic Break,Mercadian Masques,4.28,Near Mint,English,1,Normal,B0062DRDO0,Tectonic Break,6729
Go for the Throat,Commander: Innistrad: Midnight Hunt,0.7,Near Mint,English,1,Normal,B09QBR67W1,Go for the Throat,248773
"Leinore, Autumn Sovereign - Extended Art",Commander: Innistrad: Midnight Hunt,2.05,Near Mint,English,1,Normal,,"Leinore, Autumn Sovereign (Extended Art)",247931
Visions of Dominance,Commander: Innistrad: Midnight Hunt,0.71,Near Mint,English,1,Normal,B09HNQV2ST,Visions of Dominance,247844
Visions of Glory,Commander: Innistrad: Midnight Hunt,0.78,Near Mint,English,1,Normal,B09HNPLJYV,Visions of Glory,247849
Visions of Ruin - Extended Art,Commander: Innistrad: Midnight Hunt,0.89,Near Mint,English,1,Normal,B09HNPK33T,Visions of Ruin (Extended Art),247941
"Wilhelt, the Rotcleaver",Commander: Innistrad: Midnight Hunt,9.01,Near Mint,English,1,Normal,B09HNNJKFM,"Wilhelt, the Rotcleaver",247841
Grinning Totem,Mirage,0.66,Near Mint,English,1,Normal,B0062DW6LA,Grinning Totem,5091
Null Chamber,Mirage,1.74,Near Mint,English,1,Normal,B0062DXQ3C,Null Chamber,5164
Empyrial Plate,Mirrodin,0.59,Near Mint,English,1,Normal,B0062DWU0M,Empyrial Plate,11483
Fiery Gambit,Mirrodin,1.2,Near Mint,English,1,Normal,B0062DWX3Q,Fiery Gambit,11410
Gate to the Aether,Mirrodin,1.98,Near Mint,English,1,Normal,B0062DX25O,Gate to the Aether,11488
Timesifter,Mirrodin,2.52,Near Mint,English,1,Normal,B0062E0G7K,Timesifter,11570
Corrupted Conscience,Mirrodin Besieged,0.66,Near Mint,English,1,Normal,B0062DU4LY,Corrupted Conscience,39072
Fangren Marauder,Mirrodin Besieged,0.68,Near Mint,English,3,Normal,B004LPG900,Fangren Marauder,39064
Go for the Throat,Mirrodin Besieged,1.11,Near Mint,English,1,Normal,B004LON8IM,Go for the Throat,39087
Force of Virtue,Modern Horizons,0.55,Near Mint,English,1,Normal,B07T4JN4B2,Force of Virtue,190991
Ingenious Infiltrator,Modern Horizons,0.78,Near Mint,English,1,Normal,B07T3GS49M,Ingenious Infiltrator,191068
Counterspell,Modern Horizons 2,1.22,Near Mint,English,3,Normal,,Counterspell,238617
Dragon's Rage Channeler,Modern Horizons 2,1.18,Near Mint,English,1,Normal,,Dragon's Rage Channeler,240055
Mothdust Changeling,Modern Masters,0.58,Near Mint,English,2,Normal,B00D64HJI8,Mothdust Changeling,68326
Vivid Marsh,Modern Masters,0.61,Near Mint,English,1,Normal,B00D64IEVE,Vivid Marsh,68461
Lightning Bolt,Modern Masters 2015,0.75,Near Mint,English,3,Normal,B00X686OJY,Lightning Bolt,98503
Azorius Signet,Modern Masters 2017,0.49,Near Mint,English,1,Normal,B06XFXPQR4,Azorius Signet,128635
Goblin Assault,Modern Masters 2017,0.76,Near Mint,English,3,Normal,B06XFQY7W5,Goblin Assault,128473
Wall of Denial,Modern Masters 2017,0.37,Near Mint,English,1,Normal,B06XFY9GK5,Wall of Denial,128940
"Arixmethes, Slumbering Isle",March of the Machine: Multiverse Legends,1.43,Near Mint,English,1,Normal,,"Arixmethes, Slumbering Isle",491429
"Baral, Chief of Compliance",March of the Machine: Multiverse Legends,1.49,Near Mint,English,2,Normal,,"Baral, Chief of Compliance",491427
"Emry, Lurker of the Loch",March of the Machine: Multiverse Legends,0.88,Near Mint,English,1,Normal,,"Emry, Lurker of the Loch",490356
"Goreclaw, Terror of Qal Sisma",March of the Machine: Multiverse Legends,0.64,Near Mint,English,1,Normal,,"Goreclaw, Terror of Qal Sisma",491824
Lurrus of the Dream-Den,March of the Machine: Multiverse Legends,1.04,Near Mint,English,1,Normal,,Lurrus of the Dream-Den,491399
"Sram, Senior Edificer",March of the Machine: Multiverse Legends,1.24,Near Mint,English,2,Normal,,"Sram, Senior Edificer",491428
Blackblade Reforged,Commander: Kamigawa: Neon Dynasty,0.49,Near Mint,English,1,Normal,,Blackblade Reforged,263038
Ruthless Technomancer,Commander: Kamigawa: Neon Dynasty,2.33,Near Mint,English,2,Normal,B09SZ2B8D3,Ruthless Technomancer,262837
Whiptongue Hydra,Commander: Kamigawa: Neon Dynasty,0.69,Near Mint,English,1,Normal,,Whiptongue Hydra,263000
Army of the Damned,Commander: Streets of New Capenna,0.58,Near Mint,English,1,Normal,,Army of the Damned,269281
Body Count,Commander: Streets of New Capenna,0.87,Near Mint,English,1,Normal,,Body Count,269231
Boxing Ring,Commander: Streets of New Capenna,0.62,Near Mint,English,1,Normal,B09Z9VCYT3,Boxing Ring,269016
River's Rebuke,Commander: Streets of New Capenna,0.65,Near Mint,English,1,Normal,,River's Rebuke,269279
Seize the Spotlight - Extended Art,Commander: Streets of New Capenna,6.62,Near Mint,English,1,Normal,,Seize the Spotlight (Extended Art),270116
Threefold Signal,Commander: Streets of New Capenna,0.51,Near Mint,English,1,Normal,B09Z9VM7W2,Threefold Signal,268980
Dispatch,New Phyrexia,1.71,Near Mint,English,2,Normal,B004X18MXE,Dispatch,39443
Mental Misstep,New Phyrexia,8.67,Near Mint,English,1,Normal,B004XCGM26,Mental Misstep,39543
Dragon Roost,Onslaught,0.52,Near Mint,English,1,Normal,B0062DRVNI,Dragon Roost,10389
Grand Melee,Onslaught,1.37,Near Mint,English,1,Normal,B0062DSIJ4,Grand Melee,10530
Symbiotic Wurm,Onslaught,1.6,Near Mint,English,1,Normal,B0062DPSW4,Symbiotic Wurm,10521
Gleeful Demolition,Phyrexia: All Will Be One,1.54,Near Mint,English,1,Normal,,Gleeful Demolition,478688
Mindsplice Apparatus,Phyrexia: All Will Be One,1.18,Near Mint,English,1,Normal,,Mindsplice Apparatus,478957
Mindsplice Apparatus - Extended Art,Phyrexia: All Will Be One,1.1,Near Mint,English,1,Normal,,Mindsplice Apparatus (Extended Art),478958
Seachrome Coast,Phyrexia: All Will Be One,3.54,Near Mint,English,1,Normal,,Seachrome Coast,478314
The Seedcore,Phyrexia: All Will Be One,0.73,Near Mint,English,1,Normal,,The Seedcore,478316
Glistening Sphere - Extended Art,Commander: Phyrexia: All Will Be One,3.89,Near Mint,English,1,Normal,,Glistening Sphere (Extended Art),478745
Hexplate Wallbreaker - Extended Art,Commander: Phyrexia: All Will Be One,1.04,Near Mint,English,1,Normal,,Hexplate Wallbreaker (Extended Art),478729
Monumental Corruption,Commander: Phyrexia: All Will Be One,0.82,Near Mint,English,1,Normal,,Monumental Corruption,479271
"Vishgraz, the Doomhive - Extended Art",Commander: Phyrexia: All Will Be One,1.92,Near Mint,English,1,Normal,,"Vishgraz, the Doomhive (Extended Art)",478743
Nightscape Familiar,Planeshift,0.62,Near Mint,English,1,Normal,B005OV814C,Nightscape Familiar,7840
Earthquake,Portal Second Age,13.52,Near Mint,English,1,Normal,B0062DPCLG,Earthquake,128
Sphinx's Revelation,Ravnica Allegiance Guild Kits,1.3,Near Mint,English,1,Normal,B07P67P5BP,Sphinx's Revelation,184811
Wilderness Reclamation,Ravnica Allegiance,1.44,Near Mint,English,1,Normal,B07MMHK2MG,Wilderness Reclamation,182965
Massacre Girl - Retro Frame,Ravnica Remastered,0.59,Near Mint,English,1,Normal,,Massacre Girl (Retro Frame),517683
Lightning Helix,Ravnica: City of Guilds,0.77,Near Mint,English,2,Normal,B003M6344S,Lightning Helix,13342
Golgari Charm,Return to Ravnica,0.84,Near Mint,English,2,Normal,B009DOXJNO,Golgari Charm,66662
Hover Barrier,Return to Ravnica,0.41,Near Mint,English,1,Normal,B009DOXOCA,Hover Barrier,66573
Animate Wall,Revised Edition,0.61,Near Mint,English,1,Normal,B0062DPSWY,Animate Wall,1332
Black Vise,Revised Edition,0.92,Near Mint,English,2,Normal,B005OVGXKG,Black Vise,1346
Blessing,Revised Edition,1.46,Near Mint,English,1,Normal,B0062DPXAG,Blessing,1348
Blue Elemental Blast,Revised Edition,0.98,Near Mint,English,2,Normal,B005OVGY7S,Blue Elemental Blast,1349
Bottle of Suleiman,Revised Edition,0.52,Near Mint,English,1,Normal,B0062DPY6E,Bottle of Suleiman,1352
Clone,Revised Edition,1.75,Near Mint,English,1,Normal,B0062DQ1YI,Clone,1366
Dark Ritual,Revised Edition,1.63,Near Mint,English,3,Normal,B005OVH5YE,Dark Ritual,1381
Darkpact,Revised Edition,1.23,Near Mint,English,1,Normal,B0062DQ7CE,Darkpact,1382
Disenchant,Revised Edition,0.24,Near Mint,English,1,Normal,B005OVH83M,Disenchant,1391
Eye for an Eye,Revised Edition,1.18,Near Mint,English,1,Normal,B0062DQHWY,Eye for an Eye,1410
Farmstead,Revised Edition,0.98,Near Mint,English,2,Normal,B0062DQI5U,Farmstead,1411
Forest (Rocks),Revised Edition,0.24,Near Mint,English,3,Normal,B00A6CVS7G,Forest (A),1423
Forest (Path),Revised Edition,0.49,Near Mint,English,3,Normal,B005OVHE4U,Forest (B),18548
Forest (Eyes),Revised Edition,0.36,Near Mint,English,1,Normal,B00A6CVTFM,Forest (C),18547
Fungusaur,Revised Edition,0.49,Near Mint,English,1,Normal,B0062DQP08,Fungusaur,1428
Hurkyl's Recall,Revised Edition,1.8,Near Mint,English,1,Normal,B0062DQVYI,Hurkyl's Recall,1448
Island (Purple),Revised Edition,0.37,Near Mint,English,1,Normal,B00A6CVUDS,Island (A),1455
Island (Green),Revised Edition,0.43,Near Mint,English,2,Normal,B00A6CVVL4,Island (B),18549
Llanowar Elves,Revised Edition,0.85,Near Mint,English,2,Normal,B005OVHSM8,Llanowar Elves,1483
Lord of the Pit,Revised Edition,2.97,Near Mint,English,2,Normal,B0062DRA4S,Lord of the Pit,1485
Lure,Revised Edition,0.52,Near Mint,English,1,Normal,B0062DRAIO,Lure,1486
Mountain (Slate),Revised Edition,0.35,Near Mint,English,1,Normal,B00A6CVXRG,Mountain (A),1502
Mountain (Dirt),Revised Edition,0.35,Near Mint,English,3,Normal,B005OVHVEI,Mountain (C),18552
Northern Paladin,Revised Edition,1.16,Near Mint,English,1,Normal,B0062DRIP4,Northern Paladin,1509
Personal Incarnation,Revised Edition,1.04,Near Mint,English,1,Normal,B0062DRLBA,Personal Incarnation,1517
Plains (No Trees),Revised Edition,0.44,Near Mint,English,5,Normal,B00A6CVYXO,Plains (A),1524
Plains (Trees),Revised Edition,0.4,Near Mint,English,4,Normal,B005OVI00W,Plains (B),18553
Plains (No Mountains),Revised Edition,0.36,Near Mint,English,2,Normal,B00A6CW08W,Plains (C),18554
Righteousness,Revised Edition,1.18,Near Mint,English,2,Normal,B0062DRWBY,Righteousness,1544
Sacrifice,Revised Edition,3.55,Near Mint,English,4,Normal,B005OVI4SK,Sacrifice,1550
Savannah Lions,Revised Edition,5.04,Near Mint,English,1,Normal,B0062DRZR0,Savannah Lions,1553
Sengir Vampire,Revised Edition,1.24,Near Mint,English,2,Normal,B003FUU5VG,Sengir Vampire,1560
Sleight of Mind,Revised Edition,0.53,Near Mint,English,1,Normal,B0062DS7X6,Sleight of Mind,1569
Swamp (Two Branches),Revised Edition,0.71,Near Mint,English,2,Normal,B00A6CW1UY,Swamp (C),18555
The Rack,Revised Edition,0.86,Near Mint,English,1,Normal,B005OVICZU,The Rack,1588
Veteran Bodyguard,Revised Edition,1.81,Near Mint,English,1,Normal,B0062DOWOE,Veteran Bodyguard,1606
White Knight,Revised Edition,0.5,Near Mint,English,2,Normal,B005OVIJ3U,White Knight,1625
Lord of Shatterskull Pass,Rise of the Eldrazi,0.7,Near Mint,English,1,Normal,B003INBPTG,Lord of Shatterskull Pass,34850
Swamp,Rivals of Ixalan,0.51,Near Mint,English,1,Normal,B078TRC1Z5,Swamp,155766
Thoughts of Ruin,Saviors of Kamigawa,0.9,Near Mint,English,1,Normal,B0062E013Y,Thoughts of Ruin,12550
Galvanic Blast,Scars of Mirrodin,1.25,Near Mint,English,1,Normal,B0062E20JC,Galvanic Blast,36340
Kuldotha Rebirth,Scars of Mirrodin,1.45,Near Mint,English,2,Normal,B0045AMOPU,Kuldotha Rebirth,36475
Palladium Myr,Scars of Mirrodin,0.56,Near Mint,English,1,Normal,B0045H4U7S,Palladium Myr,36240
Mana Clash,Seventh Edition,0.66,Near Mint,English,2,Normal,B0062DY0FK,Mana Clash,2983
Swamp (348),Seventh Edition,0.62,Near Mint,English,1,Normal,B00A6GB9YO,Swamp (348),18335
Guttural Response,Shadowmoor,1.33,Near Mint,English,2,Normal,B005OVF0MI,Guttural Response,18658
Island (287),Shadowmoor,0.46,Near Mint,English,2,Normal,B00HZRZNVC,Island (287),18678
Kitchen Finks,Shadowmoor,0.52,Near Mint,English,1,Normal,B005OVF7VM,Kitchen Finks,18683
Duskwatch Recruiter // Krallenhorde Howler,Shadows Over Innistrad,0.51,Near Mint,English,2,Normal,B01CUQKAFG,Duskwatch Recruiter,116489
Open the Armory,Shadows Over Innistrad,1.02,Near Mint,English,1,Normal,B01DFP3NA0,Open the Armory,116436
Jungle Shrine,Shards of Alara,0.47,Near Mint,English,1,Normal,B001KT0JBU,Jungle Shrine,27710
Predator Dragon,Shards of Alara,0.54,Near Mint,English,1,Normal,B001TCBKA2,Predator Dragon,27758
Past in Flames,Signature Spellbook: Chandra,0.65,Near Mint,English,1,Normal,B089NZ1C4B,Past in Flames,210726
Soul Shatter,Starter Commander Decks,2.69,Near Mint,English,1,Normal,,Soul Shatter,456957
Elspeth Resplendent,Streets of New Capenna,3.56,Near Mint,English,3,Normal,B09Z9RXB3P,Elspeth Resplendent,268362
Fight Rigging,Streets of New Capenna,1.0,Near Mint,English,1,Normal,B09Z9TJPHM,Fight Rigging,268664
Gala Greeters,Streets of New Capenna,1.22,Near Mint,English,1,Normal,B09Z9V2CW9,Gala Greeters,268366
"Jaxis, the Troublemaker",Streets of New Capenna,0.51,Near Mint,English,2,Normal,B09Z9W3KMX,"Jaxis, the Troublemaker",268339
"Lord Xander, the Collector",Streets of New Capenna,1.92,Near Mint,English,1,Normal,B09Z9WMHXS,"Lord Xander, the Collector",267923
Rabble Rousing,Streets of New Capenna,0.95,Near Mint,English,1,Normal,B09Z9W38Z9,Rabble Rousing,268750
Sanctuary Warden,Streets of New Capenna,0.62,Near Mint,English,1,Normal,,Sanctuary Warden,268919
Topiary Stomper,Streets of New Capenna,1.61,Near Mint,English,1,Normal,,Topiary Stomper,268570
Vivien on the Hunt,Streets of New Capenna,0.58,Near Mint,English,1,Normal,,Vivien on the Hunt,268431
Void Rend,Streets of New Capenna,1.38,Near Mint,English,1,Normal,,Void Rend,268812
Grapeshot,Strixhaven: Mystical Archives,0.48,Near Mint,English,1,Normal,B09HQ8W1TY,Grapeshot,235513
Lightning Helix,Strixhaven: Mystical Archives,0.72,Near Mint,English,1,Normal,B09HQ8VFCB,Lightning Helix,235493
Tendrils of Agony - Japanese Alternate Art,Strixhaven: Mystical Archives,1.38,Near Mint,English,1,Normal,,Tendrils of Agony (JP Alternate Art),235647
Access Tunnel,Strixhaven: School of Mages,0.82,Near Mint,English,2,Normal,B09GTYPWT9,Access Tunnel,235866
Blade Historian,Strixhaven: School of Mages,1.83,Near Mint,English,1,Normal,B09GV555GV,Blade Historian,235551
Blot Out the Sky,Strixhaven: School of Mages,0.63,Near Mint,English,2,Normal,B09GV92C16,Blot Out the Sky,236009
"Kasmina, Enigma Sage - Borderless",Strixhaven: School of Mages,1.91,Near Mint,English,1,Normal,B09GTTH1H1,"Kasmina, Enigma Sage (Borderless)",235127
Mascot Exhibition - Extended Art,Strixhaven: School of Mages,0.77,Near Mint,English,1,Normal,B09GTVXNVB,Mascot Exhibition (Extended Art),235915
Plumb the Forbidden,Strixhaven: School of Mages,2.85,Near Mint,English,1,Normal,B09GTM7BGW,Plumb the Forbidden,236007
Nazgul Battle-Mace - Borderless,Commander: The Lord of the Rings: Tales of Middle-earth,4.1,Near Mint,English,1,Normal,,Nazgul Battle-Mace (Borderless),517259
Olorin's Searing Light - Borderless,Commander: The Lord of the Rings: Tales of Middle-earth,0.98,Near Mint,English,1,Normal,,Olorin's Searing Light (Borderless),517247
Chaotic Goo,Tempest,2.02,Near Mint,English,1,Normal,B0062DYRQC,Chaotic Goo,5483
Counterspell,Tempest,2.23,Near Mint,English,1,Normal,B002MBQK1I,Counterspell,5503
Arcanis the Omnipotent,Tenth Edition,0.85,Near Mint,English,1,Normal,B0062DZEL4,Arcanis the Omnipotent,15039
Gixian Puppeteer,The Brothers' War,0.81,Near Mint,English,1,Normal,,Gixian Puppeteer,452361
Mishra's Foundry,The Brothers' War,0.8,Near Mint,English,3,Normal,,Mishra's Foundry,448406
One with the Multiverse,The Brothers' War,5.05,Near Mint,English,1,Normal,,One with the Multiverse,452269
Painful Quandary,The Brothers' War,1.13,Near Mint,English,1,Normal,,Painful Quandary,451984
Siege Veteran - Extended Art,The Brothers' War,0.5,Near Mint,English,1,Normal,,Siege Veteran (Extended Art),452398
Surge Engine,The Brothers' War,1.18,Near Mint,English,3,Normal,,Surge Engine,448404
Teething Wurmlet,The Brothers' War,0.55,Near Mint,English,2,Normal,,Teething Wurmlet,452832
"Jhoira, Weatherlight Captain",Commander: The Brothers' War,1.71,Near Mint,English,1,Normal,,"Jhoira, Weatherlight Captain (Retro Frame)",452194
Machine God's Effigy,Commander: The Brothers' War,1.22,Near Mint,English,1,Normal,,Machine God's Effigy (Retro Frame),452282
Master Transmuter,Commander: The Brothers' War,0.95,Near Mint,English,1,Normal,,Master Transmuter (Retro Frame),452149
Oblivion Stone,Commander: The Brothers' War,0.95,Near Mint,English,1,Normal,,Oblivion Stone (Retro Frame),452342
Sardian Avenger,Commander: The Brothers' War,3.92,Near Mint,English,1,Normal,,Sardian Avenger,453126
Astral Cornucopia - Retro Schematic,The Brothers' War: Retro Frame Artifacts,0.77,Near Mint,English,1,Normal,,Astral Cornucopia (Schematic),452437
Blackblade Reforged - Retro Frame,The Brothers' War: Retro Frame Artifacts,0.58,Near Mint,English,1,Normal,,Blackblade Reforged,452379
Cloud Key - Retro Frame,The Brothers' War: Retro Frame Artifacts,2.44,Near Mint,English,2,Normal,,Cloud Key,452388
Inspiring Statuary - Retro Schematic,The Brothers' War: Retro Frame Artifacts,0.65,Near Mint,English,1,Normal,,Inspiring Statuary (Schematic),451969
Scrap Trawler - Retro Frame,The Brothers' War: Retro Frame Artifacts,0.62,Near Mint,English,1,Normal,,Scrap Trawler,452425
Semblance Anvil - Retro Frame,The Brothers' War: Retro Frame Artifacts,0.82,Near Mint,English,1,Normal,,Semblance Anvil,452428
Semblance Anvil - Retro Schematic,The Brothers' War: Retro Frame Artifacts,1.37,Near Mint,English,1,Normal,,Semblance Anvil (Schematic),452524
Sundering Titan - Retro Frame,The Brothers' War: Retro Frame Artifacts,0.58,Near Mint,English,1,Normal,,Sundering Titan,452432
Unwinding Clock - Retro Frame,The Brothers' War: Retro Frame Artifacts,9.7,Near Mint,English,1,Normal,,Unwinding Clock,451976
Curse Artifact,The Dark,0.96,Near Mint,English,2,Normal,B0062DQM0Q,Curse Artifact,3497
Dust to Dust,The Dark,8.75,Near Mint,English,2,Normal,B0062DQO0Y,Dust to Dust,3504
Fasting,The Dark,0.81,Near Mint,English,1,Normal,B0062DQQRA,Fasting,3511
Runesword,The Dark,1.5,Near Mint,English,1,Normal,B0062DRGEM,Runesword,3563
Wand of Ith,The Dark,1.33,Near Mint,English,2,Normal,B0062DRUH0,Wand of Ith,3588
War Barge,The Dark,1.12,Near Mint,English,1,Normal,B0062DRURK,War Barge,3589
Admiral Beckett Brass - The List,The List,0.53,Near Mint,English,1,Normal,,Admiral Beckett Brass,269127
Borborygmos Enraged - The List,The List,0.54,Near Mint,English,2,Normal,,Borborygmos Enraged,492620
Entreat the Dead - The List,The List,2.86,Near Mint,English,1,Normal,,Entreat the Dead,240831
Game Plan - The List,The List,1.22,Near Mint,English,2,Normal,,Game Plan,480150
Gruul Signet,Mystery Booster,0.58,Near Mint,English,1,Normal,B085RDS6GC ,Gruul Signet,202962
Guttural Response - The List,The List,0.83,Near Mint,English,3,Normal,,Guttural Response,240842
Queen Marchesa,Mystery Booster,0.54,Near Mint,English,1,Normal,B085RBJVW5 ,Queen Marchesa,204510
Rancor,Mystery Booster,1.05,Near Mint,English,1,Normal,B085RG9X71 ,Rancor,203479
Reaper of Sheoldred - The List,The List,0.51,Near Mint,English,1,Normal,,Reaper of Sheoldred,480179
Borne Upon a Wind,The Lord of the Rings: Tales of Middle-earth,1.07,Near Mint,English,1,Normal,,Borne Upon a Wind,498680
Doors of Durin,The Lord of the Rings: Tales of Middle-earth,0.52,Near Mint,English,1,Normal,,Doors of Durin,498487
Entish Restoration,The Lord of the Rings: Tales of Middle-earth,1.11,Near Mint,English,1,Normal,,Entish Restoration,499221
One Ring to Rule Them All,The Lord of the Rings: Tales of Middle-earth,1.37,Near Mint,English,1,Normal,,One Ring to Rule Them All,498610
Rising of the Day,The Lord of the Rings: Tales of Middle-earth,0.45,Near Mint,English,2,Normal,,Rising of the Day,498376
The Battle of Bywater,The Lord of the Rings: Tales of Middle-earth,1.33,Near Mint,English,1,Normal,,The Battle of Bywater,499328
War of the Last Alliance,The Lord of the Rings: Tales of Middle-earth,0.71,Near Mint,English,1,Normal,,War of the Last Alliance,498821
"Matzalantli, the Great Door // The Core",The Lost Caverns of Ixalan,0.94,Near Mint,English,1,Normal,,"Matzalantli, the Great Door",524378
Molten Collapse,The Lost Caverns of Ixalan,1.31,Near Mint,English,2,Normal,,Molten Collapse,525260
Restless Reef,The Lost Caverns of Ixalan,0.96,Near Mint,English,2,Normal,,Restless Reef,525367
Sentinel of the Nameless City,The Lost Caverns of Ixalan,1.51,Near Mint,English,1,Normal,,Sentinel of the Nameless City,525263
Squirming Emergence,The Lost Caverns of Ixalan,0.57,Near Mint,English,3,Normal,,Squirming Emergence,525288
Stalactite Stalker,The Lost Caverns of Ixalan,1.13,Near Mint,English,1,Normal,,Stalactite Stalker,524432
Sunken Citadel,The Lost Caverns of Ixalan,1.9,Near Mint,English,1,Normal,,Sunken Citadel,525115
Tarrian's Soulcleaver,The Lost Caverns of Ixalan,2.29,Near Mint,English,1,Normal,,Tarrian's Soulcleaver,525283
The Ancient One,The Lost Caverns of Ixalan,1.65,Near Mint,English,3,Normal,,The Ancient One,525362
The Mycotyrant,The Lost Caverns of Ixalan,1.13,Near Mint,English,1,Normal,,The Mycotyrant,524170
The Mycotyrant - Showcase,The Lost Caverns of Ixalan,1.67,Near Mint,English,1,Normal,,The Mycotyrant (Showcase),524222
Thousand Moons Smithy // Barracks of the Thousand,The Lost Caverns of Ixalan,1.47,Near Mint,English,2,Normal,,Thousand Moons Smithy,525625
"Vito, Fanatic of Aclazotz - Showcase",The Lost Caverns of Ixalan,0.57,Near Mint,English,1,Normal,,"Vito, Fanatic of Aclazotz (Showcase)",524234
Warden of the Inner Sky,The Lost Caverns of Ixalan,1.64,Near Mint,English,1,Normal,,Warden of the Inner Sky,526408
"Clavileno, First of the Blessed - Showcase",Commander: The Lost Caverns of Ixalan,1.33,Near Mint,English,1,Normal,,"Clavileno, First of the Blessed (Showcase)",524306
Eye of Ojer Taq // Apex Observatory - Extended Art,Commander: The Lost Caverns of Ixalan,1.23,Near Mint,English,1,Normal,,Eye of Ojer Taq (Extended Art),526420
Rakdos Charm,Commander: The Lost Caverns of Ixalan,0.32,Near Mint,English,1,Normal,,Rakdos Charm,525804
Chained to the Rocks,Theros,0.71,Near Mint,English,1,Normal,B00EXTW21O,Chained to the Rocks,71001
Colossus of Akros,Theros,0.83,Near Mint,English,1,Normal,B00F8OIKBE,Colossus of Akros,71406
Gray Merchant of Asphodel,Theros,0.52,Near Mint,English,5,Normal,B00EYN8NPI,Gray Merchant of Asphodel,71021
Hammer of Purphoros,Theros,1.73,Near Mint,English,1,Normal,B00EYN8Q9G,Hammer of Purphoros,71026
Alseid of Life's Bounty - Dark Frame Promo,Promo Pack: Theros Beyond Death,0.75,Near Mint,English,1,Normal,B084DGGVJ1,Alseid of Life's Bounty,208023
Ironscale Hydra - Theme Booster Exclusive,Theros Beyond Death,2.56,Near Mint,English,1,Normal,B083QT619D,Ironscale Hydra,206239
Island (251),Theros Beyond Death,1.5,Near Mint,English,1,Normal,B083QSPM3Y,Island,206023
Chittering Witch - Brawl Deck Exclusive,Throne of Eldraine,1.48,Near Mint,English,1,Normal,B07XSDJ6SZ,Chittering Witch,198428
Kenrith's Transformation,Throne of Eldraine,1.07,Near Mint,English,3,Normal,B07Y8VJ3LR,Kenrith's Transformation,199539
Witch's Cottage,Throne of Eldraine,0.7,Near Mint,English,5,Normal,B07XLD5JNS,Witch's Cottage,198390
Witch's Oven,Throne of Eldraine,0.87,Near Mint,English,1,Normal,B07Y2J1PJ4,Witch's Oven,198898
Dwarf Token,Throne of Eldraine,0.42,Near Mint,English,2,Normal,B07Y8W1QRD,Dwarf Token,199481
Basal Sliver,Time Spiral,0.63,Near Mint,English,2,Normal,B0062DR5BG,Basal Sliver,14163
Harmonic Sliver,Time Spiral,0.57,Near Mint,English,2,Normal,B005OVIIW2,Harmonic Sliver,14256
Opaline Sliver,Time Spiral,1.86,Near Mint,English,4,Normal,B005OVITBM,Opaline Sliver,14310
Quilled Sliver,Time Spiral,0.5,Near Mint,English,2,Normal,B005OVIXPE,Quilled Sliver,14336
Krosan Grip,Time Spiral Remastered,0.7,Near Mint,English,1,Normal,,Krosan Grip,234011
Mana Tithe,Time Spiral Remastered,0.84,Near Mint,English,1,Normal,,Mana Tithe,233683
Restore Balance,Time Spiral Remastered,0.54,Near Mint,English,1,Normal,,Restore Balance,233649
Simian Spirit Guide,Time Spiral Remastered,1.17,Near Mint,English,2,Normal,,Simian Spirit Guide,233914
Utopia Mycon,Time Spiral Remastered,0.62,Near Mint,English,1,Normal,,Utopia Mycon,234016
Wheel of Fate,Time Spiral Remastered,3.45,Near Mint,English,1,Normal,,Wheel of Fate,233890
Dandan,Timeshifted,7.06,Near Mint,English,1,Normal,B0062E24UM,Dandan,14574
Dawn Charm,Ultimate Masters,0.96,Near Mint,English,1,Normal,B07KYYR993 ,Dawn Charm,180844
Desperate Ritual,Ultimate Masters,1.17,Near Mint,English,1,Normal,B07KYZ72TC ,Desperate Ritual,180810
Mountain (Fog),Unlimited,2.57,Near Mint,English,1,Normal,B00A6CMWKI,Mountain (B),18305
Plains (No Trees),Unlimited,3.98,Near Mint,English,1,Normal,B00A6CMXTI,Plains (A),9166
Plains (Trees),Unlimited,2.21,Near Mint,English,1,Normal,B00A6CMYM4,Plains (B),18307
Plains (No Mountains),Unlimited,1.88,Near Mint,English,1,Normal,B005OVHJBI,Plains (C),18308
Crop Rotation,Urza's Legacy,1.84,Near Mint,English,2,Normal,B0062DS61O,Crop Rotation,6295
Abundance,Urza's Saga,4.11,Near Mint,English,1,Normal,B0062DPJN2,Abundance,6773
Acidic Soil,Urza's Saga,1.54,Near Mint,English,1,Normal,B005OVFJXI,Acidic Soil,6776
Bedlam,Urza's Saga,2.97,Near Mint,English,1,Normal,B0062DPPCW,Bedlam,6794
Lotus Blossom,Urza's Saga,1.84,Near Mint,English,1,Normal,B0062DQW7O,Lotus Blossom,6936
Bolt Bend,War of the Spark,2.96,Near Mint,English,1,Normal,B07QJ82FZK,Bolt Bend,188345
Dreadhorde Invasion,War of the Spark,0.63,Near Mint,English,1,Normal,B07QHG82CJ,Dreadhorde Invasion,187119
God-Pharaoh's Statue,War of the Spark,0.49,Near Mint,English,1,Normal,B07QB9QY22,God-Pharaoh's Statue,187246
Kaya's Ghostform,War of the Spark,1.1,Near Mint,English,1,Normal,B07QD86QCC,Kaya's Ghostform,187181
Lazotep Plating,War of the Spark,0.74,Near Mint,English,3,Normal,B07QGHG3HS,Lazotep Plating,187248
Biophagus,"Commander: Universes Beyond: Warhammer 40,000",6.75,Near Mint,English,1,Normal,,Biophagus,285868
Goblin Bomb,Weatherlight,12.49,Near Mint,English,1,Normal,B003LZ01KK,Goblin Bomb,6038
Asinine Antics,Wilds of Eldraine,0.61,Near Mint,English,1,Normal,,Asinine Antics,512679
Charming Scoundrel,Wilds of Eldraine,1.31,Near Mint,English,2,Normal,,Charming Scoundrel,513021
Decadent Dragon // Expensive Taste - Showcase,Wilds of Eldraine,1.05,Near Mint,English,1,Normal,,Decadent Dragon (Showcase),512292
Hylda of the Icy Crown,Wilds of Eldraine,0.79,Near Mint,English,1,Normal,,Hylda of the Icy Crown,512193
Mosswood Dreadknight // Dread Whispers,Wilds of Eldraine,1.22,Near Mint,English,1,Normal,,Mosswood Dreadknight,513358
Realm-Scorcher Hellkite - Extended Art,Wilds of Eldraine,1.57,Near Mint,English,1,Normal,,Realm-Scorcher Hellkite (Extended Art),512535
"Syr Ginger, the Meal Ender",Wilds of Eldraine,0.91,Near Mint,English,4,Normal,,"Syr Ginger, the Meal Ender",512220
Garruk's Uprising,Wilds of Eldraine: Enchanting Tales,0.54,Near Mint,English,1,Normal,,Garruk's Uprising,512544
Impact Tremors,Wilds of Eldraine: Enchanting Tales,0.53,Near Mint,English,1,Normal,,Impact Tremors,512663
Nature's Will,Wilds of Eldraine: Enchanting Tales,0.95,Near Mint,English,1,Normal,,Nature's Will,512532
Repercussion,Wilds of Eldraine: Enchanting Tales,2.67,Near Mint,English,1,Normal,,Repercussion,512534
Sanguine Bond,Wilds of Eldraine: Enchanting Tales,1.48,Near Mint,English,1,Normal,,Sanguine Bond,512422
Everflowing Chalice,Worldwake,0.59,Near Mint,English,1,Normal,B0035ELSW2,Everflowing Chalice,34363
Journey to Nowhere,Zendikar,1.61,Near Mint,English,3,Normal,B002QUGB9Q,Journey to Nowhere,33334
Quest for Pure Flame,Zendikar,0.42,Near Mint,English,1,Normal,B002QY0UK8,Quest for Pure Flame,33402
Island (381),Zendikar Rising,0.76,Near Mint,English,5,Normal,,Island,222819
Mountain (383),Zendikar Rising,0.74,Near Mint,English,1,Normal,,Mountain,222821
Soul Shatter,Zendikar Rising,2.94,Near Mint,English,1,Normal,B08HVW79MS,Soul Shatter,221926
Swamp (382),Zendikar Rising,1.02,Near Mint,English,1,Normal,,Swamp,222820
Admonition Angel,Commander: Zendikar Rising,0.71,Near Mint,English,2,Normal,B08K3T8LVD,Admonition Angel,222632
Evolution Sage,Commander: Zendikar Rising,1.15,Near Mint,English,1,Normal,B08K3VJPJT,Evolution Sage,222676
Inspiring Call,Commander: Zendikar Rising,0.53,Near Mint,English,1,Normal,B08K3WCDT1,Inspiring Call,222639
"Mina and Denn, Wildborn",Commander: Zendikar Rising,0.5,Near Mint,English,2,Normal,B08K3WCFZ2,"Mina and Denn, Wildborn",222652
"Multani, Yavimaya's Avatar",Commander: Zendikar Rising,1.5,Near Mint,English,1,Normal,B08K3W9YBX,"Multani, Yavimaya's Avatar",222641
"Omnath, Locus of Rage",Commander: Zendikar Rising,3.12,Near Mint,English,1,Normal,B08K3WHVCJ,"Omnath, Locus of Rage",222655
Rites of Flourishing,Commander: Zendikar Rising,1.18,Near Mint,English,1,Normal,B08K3WXG34,Rites of Flourishing,222659
