Product Name,Add Qty,Condition,Category,OLDPRICE,OLDSKU,Language
Forest (593) - Retro Frame,3,Near Mint,30th Anniversary Edition,3.06,abcde,English
Forest (594) - Retro Frame,4,Near Mint,30th Anniversary Edition,2.0,abcde,English
Island (583) - Retro Frame,1,Near Mint,30th Anniversary Edition,6.58,abcde,English
Island (584) - Retro Frame,1,Near Mint,30th Anniversary Edition,3.25,abcde,English
Island (585) - Retro Frame,1,Near Mint,30th Anniversary Edition,2.3,abcde,English
Mountain (589) - Retro Frame,1,Near Mint,30th Anniversary Edition,1.45,abcde,English
Mountain (591) - Retro Frame,4,Near Mint,30th Anniversary Edition,1.84,abcde,English
Plains (580) - Retro Frame,1,Near Mint,30th Anniversary Edition,2.43,abcde,English
Plains (581) - Retro Frame,2,Near Mint,30th Anniversary Edition,2.7,abcde,English
Plains (582) - Retro Frame,1,Near Mint,30th Anniversary Edition,3.29,abcde,English
Battle Cry Goblin,2,Near Mint,Adventures in the Forgotten Realms,0.54,abcde,English
"Ebondeath, Dracolich",1,Near Mint,Adventures in the Forgotten Realms,3.21,abcde,English
Feign Death,1,Near Mint,Adventures in the Forgotten Realms,0.49,abcde,English
Hall of Storm Giants,1,Near Mint,Adventures in the Forgotten Realms,2.15,abcde,English
Minion of the Mighty,1,Near Mint,Adventures in the Forgotten Realms,0.92,abcde,English
Prosperous Innkeeper,1,Near Mint,Adventures in the Forgotten Realms,0.87,abcde,English
Wish,1,Near Mint,Adventures in the Forgotten Realms,0.66,abcde,English
Trophy Mage,1,Near Mint,Aether Revolt,0.39,abcde,English
Architects of Will,1,Near Mint,Alara Reborn,1.51,abcde,English
Soldevi Adnate (Female),1,Near Mint,Alliances,0.58,abcde,English
Bontu the Glorified,1,Near Mint,Amonkhet,2.09,abcde,English
Lightning Angel,1,Near Mint,Apocalypse,0.81,abcde,English
Phyrexian Rager,2,Near Mint,Apocalypse,0.27,abcde,English
Dragonmaster Outcast,1,Near Mint,Battle for Zendikar,0.82,abcde,English
Sanctum of Ugin,1,Near Mint,Battle for Zendikar,1.48,abcde,English
Myr Token,1,Near Mint,Battlebond,0.19,abcde,English
Archetype of Courage,2,Near Mint,Born of the Gods,1.04,abcde,English
Skred,3,Near Mint,Coldsnap,2.98,abcde,English
Plains (289),1,Near Mint,Collectors' Edition,2.68,abcde,English
Cultivate,1,Near Mint,Commander 2011,0.77,abcde,English
Control Magic,1,Near Mint,Commander 2013,0.6,abcde,English
Fecundity,1,Near Mint,Commander 2013,0.51,abcde,English
Nihil Spellbomb,1,Near Mint,Commander 2013,0.54,abcde,English
Reincarnation,1,Near Mint,Commander 2013,0.99,abcde,English
Adarkar Valkyrie,1,Near Mint,Commander 2014,0.94,abcde,English
Artisan of Kozilek,1,Near Mint,Commander 2014,0.47,abcde,English
Brave the Elements,1,Near Mint,Commander 2014,0.91,abcde,English
Gift of Estates,1,Near Mint,Commander 2014,1.01,abcde,English
"Nahiri, the Lithomancer",1,Near Mint,Commander 2014,0.76,abcde,English
Ob Nixilis of the Black Oath,1,Near Mint,Commander 2014,1.92,abcde,English
Ghost Quarter,1,Near Mint,Commander 2015,0.75,abcde,English
Solemn Simulacrum,1,Near Mint,Commander 2015,1.09,abcde,English
Azorius Signet,1,Near Mint,Commander 2018,0.51,abcde,English
Blinkmoth Urn,1,Near Mint,Commander 2018,1.84,abcde,English
Crib Swap,1,Near Mint,Commander 2018,0.48,abcde,English
Isolated Watchtower,1,Near Mint,Commander 2018,0.84,abcde,English
Empowered Autogenerator,1,Near Mint,Commander 2019,1.32,abcde,English
Grim Haruspex,1,Near Mint,Commander 2019,2.13,abcde,English
Llanowar Wastes,1,Near Mint,Commander 2019,1.27,abcde,English
Sevinne's Reclamation,1,Near Mint,Commander 2019,0.51,abcde,English
Thieving Amalgam,1,Near Mint,Commander 2019,1.37,abcde,English
Yavimaya Coast,1,Near Mint,Commander 2019,2.17,abcde,English
Comet Storm,1,Near Mint,Commander 2020,0.9,abcde,English
Despark,1,Near Mint,Commander 2020,0.42,abcde,English
Grisly Salvage,1,Near Mint,Commander 2020,0.73,abcde,English
Halimar Depths,1,Near Mint,Commander 2020,0.6,abcde,English
Murmuring Mystic,1,Near Mint,Commander 2020,0.37,abcde,English
Nyx Weaver,1,Near Mint,Commander 2020,1.02,abcde,English
Vastwood Hydra,1,Near Mint,Commander 2020,0.86,abcde,English
Caves of Koilos,1,Near Mint,Commander 2021,0.71,abcde,English
Duelist's Heritage,1,Near Mint,Commander 2021,0.68,abcde,English
Incarnation Technique,1,Near Mint,Commander 2021,5.0,abcde,English
Keen Duelist,1,Near Mint,Commander 2021,2.02,abcde,English
Wurm // Kraken Token,1,Near Mint,Commander 2021,0.63,abcde,English
Scourge of Nel Toth,1,Near Mint,Commander Anthology,0.54,abcde,English
Austere Command,1,Near Mint,Commander Legends,0.64,abcde,English
Body of Knowledge - Extended Art,1,Near Mint,Commander Legends,1.69,abcde,English
Fyndhorn Elves,1,Near Mint,Commander Legends,1.01,abcde,English
"Kediss, Emberclaw Familiar",1,Near Mint,Commander Legends,2.19,abcde,English
Necrotic Hex - Extended Art,1,Near Mint,Commander Legends,1.56,abcde,English
"Odric, Lunarch Marshal - Theme Deck Exclusive",1,Near Mint,Commander Legends,0.56,abcde,English
Terastodon - Theme Deck Exclusive,1,Near Mint,Commander Legends,0.74,abcde,English
Victimize,1,Near Mint,Commander Legends,0.66,abcde,English
Whelming Wave - Theme Deck Exclusive,1,Near Mint,Commander Legends,1.04,abcde,English
Astarion's Thirst,1,Near Mint,Commander Legends: Battle for Baldur's Gate,0.53,abcde,English
Captain N'ghathrod - Extended Art,2,Near Mint,Commander: Commander Legends: Battle for Baldur's Gate,4.83,abcde,English
Castle Vantress,1,Near Mint,Commander: Commander Legends: Battle for Baldur's Gate,1.24,abcde,English
Chaos Dragon,1,Near Mint,Commander: Commander Legends: Battle for Baldur's Gate,1.44,abcde,English
Clan Crafter - Extended Art,3,Near Mint,Commander: Commander Legends: Battle for Baldur's Gate,1.06,abcde,English
Dissipation Field,1,Near Mint,Commander: Commander Legends: Battle for Baldur's Gate,0.6,abcde,English
Earthquake Dragon - Extended Art,1,Near Mint,Commander Legends: Battle for Baldur's Gate,1.62,abcde,English
Endless Evil - Extended Art,1,Near Mint,Commander: Commander Legends: Battle for Baldur's Gate,0.68,abcde,English
Jaheira's Respite - Extended Art,1,Near Mint,Commander Legends: Battle for Baldur's Gate,0.49,abcde,English
Majestic Genesis,1,Near Mint,Commander Legends: Battle for Baldur's Gate,1.88,abcde,English
"Miirym, Sentinel Wyrm - Showcase",1,Near Mint,Commander Legends: Battle for Baldur's Gate,0.67,abcde,English
Mocking Doppelganger - Extended Art,1,Near Mint,Commander: Commander Legends: Battle for Baldur's Gate,0.66,abcde,English
Wizards of Thay - Extended Art,1,Near Mint,Commander Legends: Battle for Baldur's Gate,0.54,abcde,English
Wyll's Reversal,1,Near Mint,Commander Legends: Battle for Baldur's Gate,1.14,abcde,English
"Wyll, Blade of Frontiers",1,Near Mint,Commander Legends: Battle for Baldur's Gate,1.07,abcde,English
"Wyll, Blade of Frontiers - Showcase",3,Near Mint,Commander Legends: Battle for Baldur's Gate,0.54,abcde,English
Abstruse Archaic,1,Near Mint,Commander Masters,0.72,abcde,English
Crashing Drawbridge,1,Near Mint,Commander Masters,1.25,abcde,English
"Daretti, Scrap Savant",1,Near Mint,Commander Masters,1.05,abcde,English
Dreadhorde Invasion,1,Near Mint,Commander Masters,0.76,abcde,English
Everflowing Chalice,1,Near Mint,Commander Masters,0.6,abcde,English
Geier Reach Sanitarium,1,Near Mint,Commander Masters,1.12,abcde,English
Mirage Mirror,1,Near Mint,Commander Masters,1.31,abcde,English
Mystic Forge,1,Near Mint,Commander Masters,2.13,abcde,English
Oblivion Sower,1,Near Mint,Commander Masters,0.94,abcde,English
Ornithopter of Paradise,1,Near Mint,Commander Masters,1.67,abcde,English
Scavenger Grounds,2,Near Mint,Commander Masters,1.33,abcde,English
Skittering Cicada,1,Near Mint,Commander Masters,1.83,abcde,English
Solemn Simulacrum,2,Near Mint,Commander Masters,0.74,abcde,English
Steel Hellkite,1,Near Mint,Commander Masters,0.52,abcde,English
Stonecoil Serpent,1,Near Mint,Commander Masters,0.99,abcde,English
Ugin's Mastery,1,Near Mint,Commander Masters,0.97,abcde,English
"Goreclaw, Terror of Qal Sisma",1,Near Mint,Core Set 2019,0.65,abcde,English
Angel of Vitality,4,Near Mint,Core Set 2020,1.03,abcde,English
Conspicuous Snoop,4,Near Mint,Core Set 2021,4.97,abcde,English
Garruk's Uprising - Showcase,1,Near Mint,Core Set 2021,0.85,abcde,English
Llanowar Visionary - Dark Frame Promo Pack,1,Near Mint,Promo Pack: Core Set 2021,1.02,abcde,English
Shacklegeist - Extended Art,1,Near Mint,Core Set 2021,0.86,abcde,English
Disorder in the Court - Extended Art,1,Near Mint,Commander: Innistrad: Crimson Vow,1.23,abcde,English
Imprisoned in the Moon,2,Near Mint,Commander: Innistrad: Crimson Vow,0.75,abcde,English
"Kamber, the Plunderer - Extended Art",1,Near Mint,Commander: Innistrad: Crimson Vow,1.19,abcde,English
Olivia's Wrath - Extended Art,1,Near Mint,Commander: Innistrad: Crimson Vow,1.46,abcde,English
Thundering Mightmare,1,Near Mint,Commander: Innistrad: Crimson Vow,0.71,abcde,English
Thundering Mightmare - Extended Art,1,Near Mint,Commander: Innistrad: Crimson Vow,0.75,abcde,English
Curse of Misfortunes,1,Near Mint,Dark Ascension,0.77,abcde,English
Increasing Ambition,1,Near Mint,Dark Ascension,0.75,abcde,English
The Ninth Doctor - Showcase,1,Near Mint,Doctor Who,1.27,abcde,English
Cabal Stronghold,1,Near Mint,Dominaria,10.32,abcde,English
"Danitha Capashen, Paragon",1,Near Mint,Dominaria,0.23,abcde,English
History of Benalia,1,Near Mint,Dominaria,0.92,abcde,English
Jhoira's Familiar,5,Near Mint,Dominaria,0.86,abcde,English
Merfolk Trickster,1,Near Mint,Dominaria,1.22,abcde,English
"Muldrotha, the Gravetide",1,Near Mint,Dominaria,10.4,abcde,English
Sylvan Awakening,1,Near Mint,Dominaria,1.51,abcde,English
Oversold Cemetery - Borderless,1,Near Mint,Dominaria Remastered,0.54,abcde,English
Pashalik Mons - Retro Frame,1,Near Mint,Dominaria Remastered,0.65,abcde,English
Worldgorger Dragon - Retro Frame,1,Near Mint,Dominaria Remastered,0.53,abcde,English
Anointed Peacekeeper,1,Near Mint,Dominaria United,0.54,abcde,English
Destroy Evil,3,Near Mint,Dominaria United,1.03,abcde,English
"Jaya, Fiery Negotiator",3,Near Mint,Dominaria United,0.52,abcde,English
Negate,5,Near Mint,Dominaria United,0.27,abcde,English
Resolute Reinforcements,2,Near Mint,Dominaria United,0.4,abcde,English
"Rith, Liberated Primeval - Showcase",2,Near Mint,Dominaria United,0.57,abcde,English
Rivaz of the Claw,1,Near Mint,Dominaria United,1.34,abcde,English
Rundvelt Hordemaster,1,Near Mint,Dominaria United,1.11,abcde,English
Soul of Windgrace,1,Near Mint,Dominaria United,0.64,abcde,English
"Squee, Dubious Monarch",1,Near Mint,Dominaria United,0.73,abcde,English
Weatherlight Compleated,1,Near Mint,Dominaria United,0.63,abcde,English
"Zur, Eternal Schemer",1,Near Mint,Dominaria United,1.12,abcde,English
Emperor Mihail II,1,Near Mint,Commander: Dominaria United,0.78,abcde,English
Trash for Treasure,1,Near Mint,Double Masters,0.75,abcde,English
Atarka's Command,1,Near Mint,Double Masters 2022,0.79,abcde,English
Backdraft Hellkite,1,Near Mint,Double Masters 2022,0.49,abcde,English
Forbidden Orchard - Borderless,1,Near Mint,Double Masters 2022,6.94,abcde,English
"Skullbriar, the Walking Grave",1,Near Mint,Double Masters 2022,0.63,abcde,English
Wall of Omens,1,Near Mint,Double Masters 2022,0.61,abcde,English
"Mirko Vosk, Mind Drinker",1,Near Mint,Dragon's Maze,0.58,abcde,English
Dragon Whisperer,1,Near Mint,Dragons of Tarkir,0.6,abcde,English
Explosive Vegetation,2,Near Mint,Dragons of Tarkir,0.6,abcde,English
Impact Tremors,1,Near Mint,Dragons of Tarkir,0.59,abcde,English
Inspiring Call,1,Near Mint,Dragons of Tarkir,0.4,abcde,English
Butcher Ghoul,2,Near Mint,Duel Decks: Blessed vs Cursed,0.86,abcde,English
Seraph Sanctuary,1,Near Mint,Duel Decks: Blessed vs Cursed,1.18,abcde,English
Victim of Night,1,Near Mint,Duel Decks: Blessed vs Cursed,0.53,abcde,English
Myr Token,1,Near Mint,Duel Decks: Elves vs. Inventors,0.79,abcde,English
Orcish Lumberjack,1,Near Mint,Duel Decks: Heroes vs Monsters,0.61,abcde,English
Eternal Scourge,1,Near Mint,Eldritch Moon,2.98,abcde,English
Counterspell,1,Near Mint,Eternal Masters,1.15,abcde,English
Wall of Omens,1,Near Mint,Eternal Masters,0.47,abcde,English
Necropolis Regent,1,Near Mint,Explorers of Ixalan,0.67,abcde,English
Aeolipile,1,Near Mint,Fallen Empires,2.0,abcde,English
Conch Horn,1,Near Mint,Fallen Empires,5.04,abcde,English
Draconian Cylix,1,Near Mint,Fallen Empires,1.55,abcde,English
Elven Lyre,1,Near Mint,Fallen Empires,0.65,abcde,English
Fungal Bloom,2,Near Mint,Fallen Empires,3.27,abcde,English
Icatian Lieutenant,1,Near Mint,Fallen Empires,0.62,abcde,English
Spirit Shield,1,Near Mint,Fallen Empires,0.78,abcde,English
Palace Siege,1,Near Mint,Fate Reforged,1.05,abcde,English
All Suns' Dawn,1,Near Mint,Fifth Dawn,0.57,abcde,English
Possessed Portal,1,Near Mint,Fifth Dawn,2.64,abcde,English
Dust to Dust,1,Near Mint,Fifth Edition,8.19,abcde,English
Order of the Sacred Torch,1,Near Mint,Fifth Edition,0.63,abcde,English
Bucknard's Everfull Purse,1,Near Mint,Commander: Adventures in the Forgotten Realms,0.71,abcde,English
Death Tyrant,1,Near Mint,Commander: Adventures in the Forgotten Realms,1.97,abcde,English
Death Tyrant - Extended Art,1,Near Mint,Commander: Adventures in the Forgotten Realms,1.93,abcde,English
Fevered Suspicion - Extended Art,1,Near Mint,Commander: Adventures in the Forgotten Realms,2.42,abcde,English
Geier Reach Sanitarium,1,Near Mint,Commander: Adventures in the Forgotten Realms,0.54,abcde,English
Grave Endeavor - Extended Art,1,Near Mint,Commander: Adventures in the Forgotten Realms,0.56,abcde,English
Halimar Depths,1,Near Mint,Commander: Adventures in the Forgotten Realms,0.52,abcde,English
Hurl Through Hell,1,Near Mint,Commander: Adventures in the Forgotten Realms,3.02,abcde,English
Midnight Pathlighter - Extended Art,1,Near Mint,Commander: Adventures in the Forgotten Realms,1.23,abcde,English
Neverwinter Hydra - Extended Art,1,Near Mint,Commander: Adventures in the Forgotten Realms,6.4,abcde,English
Sefris of the Hidden Ways - Extended Art,1,Near Mint,Commander: Adventures in the Forgotten Realms,3.14,abcde,English
Serum Visions,1,Near Mint,Commander: Adventures in the Forgotten Realms,0.71,abcde,English
Dark Ritual,3,Near Mint,Fourth Edition,1.15,abcde,English
Forest (376),3,Near Mint,Fourth Edition,0.56,abcde,English
Island (368),3,Near Mint,Fourth Edition,0.58,abcde,English
Island (369),3,Near Mint,Fourth Edition,0.49,abcde,English
Llanowar Elves,3,Near Mint,Fourth Edition,0.76,abcde,English
Mana Clash,1,Near Mint,Fourth Edition,0.74,abcde,English
Mountain (373),2,Near Mint,Fourth Edition,0.57,abcde,English
Mountain (374),1,Near Mint,Fourth Edition,0.47,abcde,English
Plains (364),5,Near Mint,Fourth Edition,0.73,abcde,English
Plains (365),1,Near Mint,Fourth Edition,0.64,abcde,English
Boros Signet,2,Near Mint,Guilds of Ravnica Guild Kits,0.77,abcde,English
Alpha Authority,1,Near Mint,Gatecrash,2.7,abcde,English
Enter the Infinite,1,Near Mint,Gatecrash,4.47,abcde,English
Circuitous Route,1,Near Mint,Guilds of Ravnica,0.68,abcde,English
Mausoleum Secrets,1,Near Mint,Guilds of Ravnica,0.86,abcde,English
Truce,1,Near Mint,Homelands,1.12,abcde,English
Winter Sky,1,Near Mint,Homelands,1.36,abcde,English
"Unesh, Criosphinx Sovereign",1,Near Mint,Hour of Devastation,0.84,abcde,English
Glacial Crevasses,1,Near Mint,Ice Age,2.15,abcde,English
Lhurgoyf,1,Near Mint,Ice Age,0.88,abcde,English
Star Compass,1,Near Mint,Iconic Masters,0.58,abcde,English
Forest (272),5,Near Mint,Ikoria: Lair of Behemoths,1.19,abcde,English
"Lukka, Coppercoat Outcast",1,Near Mint,Ikoria: Lair of Behemoths,0.82,abcde,English
Plains (260),1,Near Mint,Ikoria: Lair of Behemoths,0.64,abcde,English
Swamp (266),2,Near Mint,Ikoria: Lair of Behemoths,1.1,abcde,English
Army of the Damned,1,Near Mint,Innistrad,0.96,abcde,English
End the Festivities,1,Near Mint,Innistrad: Crimson Vow,1.64,abcde,English
Faithbound Judge // Sinner's Judgment,1,Near Mint,Innistrad: Crimson Vow,0.96,abcde,English
Headless Rider,1,Near Mint,Innistrad: Crimson Vow,2.42,abcde,English
Howling Moon,2,Near Mint,Innistrad: Crimson Vow,0.95,abcde,English
Howlpack Piper // Wildsong Howler,1,Near Mint,Innistrad: Crimson Vow,0.82,abcde,English
Kessig Flamebreather,1,Near Mint,Innistrad: Crimson Vow,0.74,abcde,English
Mirrorhall Mimic // Ghastly Mimicry - Extended Art,4,Near Mint,Innistrad: Crimson Vow,1.02,abcde,English
Reckless Impulse,1,Near Mint,Innistrad: Crimson Vow,0.49,abcde,English
Abraham Van Helsing - Savior of Ollenbock,1,Near Mint,Innistrad: Crimson Vow,0.67,abcde,English
Swamp (272),1,Near Mint,Innistrad: Crimson Vow,0.61,abcde,English
Voldaren Epicure,1,Near Mint,Innistrad: Crimson Vow,0.48,abcde,English
"Jacob Hauken, Inspector // Hauken's Insight",1,Near Mint,Innistrad: Double Feature,0.49,abcde,English
Consuming Blob,1,Near Mint,Innistrad: Midnight Hunt,0.5,abcde,English
Falkenrath Pit Fighter - Extended Art,1,Near Mint,Innistrad: Midnight Hunt,0.55,abcde,English
Fateful Absence - Extended Art,1,Near Mint,Innistrad: Midnight Hunt,1.25,abcde,English
Infernal Grasp,1,Near Mint,Innistrad: Midnight Hunt,1.23,abcde,English
Malevolent Hermit // Benevolent Geist,1,Near Mint,Innistrad: Midnight Hunt,1.36,abcde,English
Memory Deluge,2,Near Mint,Innistrad: Midnight Hunt,0.92,abcde,English
Moonveil Regent,1,Near Mint,Innistrad: Midnight Hunt,0.49,abcde,English
Pithing Needle - Extended Art,1,Near Mint,Innistrad: Midnight Hunt,0.89,abcde,English
Primal Adversary,2,Near Mint,Innistrad: Midnight Hunt,0.96,abcde,English
Rite of Harmony,1,Near Mint,Innistrad: Midnight Hunt,1.23,abcde,English
"Saryth, the Viper's Fang",1,Near Mint,Innistrad: Midnight Hunt,2.29,abcde,English
"Saryth, the Viper's Fang - Showcase",1,Near Mint,Innistrad: Midnight Hunt,1.62,abcde,English
Sigarda's Splendor - Extended Art,1,Near Mint,Innistrad: Midnight Hunt,0.68,abcde,English
"Sigarda, Champion of Light",3,Near Mint,Innistrad: Midnight Hunt,1.1,abcde,English
Smoldering Egg // Ashmouth Dragon,1,Near Mint,Innistrad: Midnight Hunt,0.64,abcde,English
The Celestus,1,Near Mint,Innistrad: Midnight Hunt,1.77,abcde,English
Chromatic Sphere,2,Near Mint,Invasion,1.43,abcde,English
Lotus Guardian,1,Near Mint,Invasion,0.52,abcde,English
Obliterate,1,Near Mint,Invasion,4.13,abcde,English
Goring Ceratops,1,Near Mint,Ixalan,2.32,abcde,English
Otepec Huntmaster,2,Near Mint,Ixalan,0.51,abcde,English
Ranging Raptors,3,Near Mint,Ixalan,0.68,abcde,English
Benevolent Bodyguard,1,Near Mint,Judgment,0.57,abcde,English
Cephalid Constable,1,Near Mint,Judgment,2.71,abcde,English
Planar Chaos,1,Near Mint,Judgment,1.16,abcde,English
Prismatic Strands,1,Near Mint,Judgment,2.47,abcde,English
Doomskar - Extended Art,1,Near Mint,Kaldheim,1.06,abcde,English
Elven Ambush,1,Near Mint,Kaldheim,1.06,abcde,English
Resplendent Marshal,1,Near Mint,Kaldheim,0.62,abcde,English
Snow-Covered Forest (284),1,Near Mint,Kaldheim,1.14,abcde,English
Snow-Covered Island (278),1,Near Mint,Kaldheim,1.02,abcde,English
Snow-Covered Island (279),1,Near Mint,Kaldheim,1.03,abcde,English
Azorius Signet,1,Near Mint,Commander: Kaldheim,0.42,abcde,English
"Brago, King Eternal",1,Near Mint,Commander: Kaldheim,2.66,abcde,English
Cosmic Intervention,1,Near Mint,Commander: Kaldheim,3.13,abcde,English
Eerie Interlude,1,Near Mint,Commander: Kaldheim,3.6,abcde,English
Elvish Mystic,1,Near Mint,Commander: Kaldheim,0.63,abcde,English
Springbloom Druid,1,Near Mint,Commander: Kaldheim,1.73,abcde,English
Blade of the Oni,1,Near Mint,Kamigawa: Neon Dynasty,0.69,abcde,English
Enthusiastic Mechanaut - Dark Frame Promo,1,Near Mint,Promo Pack: Kamigawa: Neon Dynasty,7.04,abcde,English
Experimental Synthesizer,2,Near Mint,Kamigawa: Neon Dynasty,0.64,abcde,English
"Goro-Goro, Disciple of Ryusei",1,Near Mint,Kamigawa: Neon Dynasty,0.74,abcde,English
Invoke Despair - Extended Art,1,Near Mint,Kamigawa: Neon Dynasty,0.68,abcde,English
"Isshin, Two Heavens as One",2,Near Mint,Kamigawa: Neon Dynasty,1.55,abcde,English
"Isshin, Two Heavens as One - Extended Art",1,Near Mint,Kamigawa: Neon Dynasty,3.74,abcde,English
"Kairi, the Swirling Sky",1,Near Mint,Kamigawa: Neon Dynasty,0.56,abcde,English
Kumano Faces Kakkazan // Etching of Kumano,1,Near Mint,Kamigawa: Neon Dynasty,0.29,abcde,English
"Light-Paws, Emperor's Voice",1,Near Mint,Kamigawa: Neon Dynasty,0.91,abcde,English
Lizard Blades,1,Near Mint,Kamigawa: Neon Dynasty,0.8,abcde,English
Mechtitan Core - Showcase,1,Near Mint,Kamigawa: Neon Dynasty,1.37,abcde,English
Patchwork Automaton,1,Near Mint,Kamigawa: Neon Dynasty,0.57,abcde,English
Tamiyo's Safekeeping,1,Near Mint,Kamigawa: Neon Dynasty,1.43,abcde,English
"Tamiyo, Compleated Sage",2,Near Mint,Kamigawa: Neon Dynasty,1.11,abcde,English
Weaver of Harmony,1,Near Mint,Kamigawa: Neon Dynasty,1.4,abcde,English
Grim Haruspex,1,Near Mint,Khans of Tarkir,0.83,abcde,English
Opulent Palace,1,Near Mint,Khans of Tarkir,0.46,abcde,English
Barbary Apes,2,Near Mint,Legends,1.78,abcde,English
Princess Lucrezia,1,Near Mint,Legends,1.58,abcde,English
Phage the Untouchable,1,Near Mint,Legions,5.88,abcde,English
Plated Sliver,1,Near Mint,Legions,0.57,abcde,English
Honor of the Pure,1,Near Mint,Magic 2010,0.9,abcde,English
Autumn's Veil,2,Near Mint,Magic 2012,0.44,abcde,English
Diabolic Tutor,1,Near Mint,Magic 2012,0.9,abcde,English
Boundless Realms,1,Near Mint,Magic 2013,1.43,abcde,English
Mwonvuli Beast Tracker - Game Day Promo,1,Near Mint,Unique & Misc. Promos,0.64,abcde,English
Manaweft Sliver,1,Near Mint,Magic 2014,0.58,abcde,English
Predatory Sliver,8,Near Mint,Magic 2014,0.55,abcde,English
Exquisite Firecraft,1,Near Mint,Magic Origins,1.25,abcde,English
Corrupted Conviction,1,Near Mint,March of the Machine,1.19,abcde,English
Dusk Legion Duelist,2,Near Mint,March of the Machine,1.03,abcde,English
Lithomantic Barrage,1,Near Mint,March of the Machine,1.01,abcde,English
"Realmbreaker, the Invasion Tree",1,Near Mint,March of the Machine,0.88,abcde,English
See Double,3,Near Mint,March of the Machine,1.04,abcde,English
See Double - Extended Art,1,Near Mint,March of the Machine,1.17,abcde,English
Surge of Salvation,1,Near Mint,March of the Machine,1.14,abcde,English
Surrak and Goreclaw,3,Near Mint,March of the Machine,5.23,abcde,English
Voldaren Thrillseeker - Extended Art,1,Near Mint,March of the Machine,0.92,abcde,English
Wrenn's Resolve,1,Near Mint,March of the Machine,0.65,abcde,English
Yargle and Multani,1,Near Mint,March of the Machine,0.85,abcde,English
Zimone and Dina - Showcase,1,Near Mint,March of the Machine,0.59,abcde,English
Deluxe Dragster - Extended Art,1,Near Mint,Commander: March of the Machine,0.63,abcde,English
Excise the Imperfect,1,Near Mint,Commander: March of the Machine,1.35,abcde,English
Hedron Detonator - Extended Art,1,Near Mint,Commander: March of the Machine,2.08,abcde,English
Swords to Plowshares,1,Near Mint,Commander: March of the Machine,0.99,abcde,English
"Danitha, New Benalia's Light",1,Near Mint,March of the Machine: The Aftermath,1.01,abcde,English
"Narset, Enlightened Exile",1,Near Mint,March of the Machine: The Aftermath,3.25,abcde,English
Open the Way,1,Near Mint,March of the Machine: The Aftermath,1.27,abcde,English
Plargg and Nassari,2,Near Mint,March of the Machine: The Aftermath,1.04,abcde,English
Brainstorm,1,Near Mint,Masters 25,1.08,abcde,English
Lightning Bolt,1,Near Mint,Masters 25,1.15,abcde,English
Ravenous Chupacabra,1,Near Mint,Masters 25,0.54,abcde,English
Whale Token (007),1,Near Mint,Masters 25,0.55,abcde,English
Saprazzan Bailiff,1,Near Mint,Mercadian Masques,0.57,abcde,English
Statecraft,1,Near Mint,Mercadian Masques,3.04,abcde,English
Tectonic Break,1,Near Mint,Mercadian Masques,4.28,abcde,English
Go for the Throat,1,Near Mint,Commander: Innistrad: Midnight Hunt,0.7,abcde,English
"Leinore, Autumn Sovereign - Extended Art",1,Near Mint,Commander: Innistrad: Midnight Hunt,2.05,abcde,English
Visions of Dominance,1,Near Mint,Commander: Innistrad: Midnight Hunt,0.71,abcde,English
Visions of Glory,1,Near Mint,Commander: Innistrad: Midnight Hunt,0.78,abcde,English
Visions of Ruin - Extended Art,1,Near Mint,Commander: Innistrad: Midnight Hunt,0.89,abcde,English
"Wilhelt, the Rotcleaver",1,Near Mint,Commander: Innistrad: Midnight Hunt,9.01,abcde,English
Grinning Totem,1,Near Mint,Mirage,0.66,abcde,English
Null Chamber,1,Near Mint,Mirage,1.74,abcde,English
Empyrial Plate,1,Near Mint,Mirrodin,0.59,abcde,English
Fiery Gambit,1,Near Mint,Mirrodin,1.2,abcde,English
Gate to the Aether,1,Near Mint,Mirrodin,1.98,abcde,English
Timesifter,1,Near Mint,Mirrodin,2.52,abcde,English
Corrupted Conscience,1,Near Mint,Mirrodin Besieged,0.66,abcde,English
Fangren Marauder,3,Near Mint,Mirrodin Besieged,0.68,abcde,English
Go for the Throat,1,Near Mint,Mirrodin Besieged,1.11,abcde,English
Force of Virtue,1,Near Mint,Modern Horizons,0.55,abcde,English
Ingenious Infiltrator,1,Near Mint,Modern Horizons,0.78,abcde,English
Counterspell,3,Near Mint,Modern Horizons 2,1.22,abcde,English
Dragon's Rage Channeler,1,Near Mint,Modern Horizons 2,1.18,abcde,English
Mothdust Changeling,2,Near Mint,Modern Masters,0.58,abcde,English
Vivid Marsh,1,Near Mint,Modern Masters,0.61,abcde,English
Lightning Bolt,3,Near Mint,Modern Masters 2015,0.75,abcde,English
Azorius Signet,1,Near Mint,Modern Masters 2017,0.49,abcde,English
Goblin Assault,3,Near Mint,Modern Masters 2017,0.76,abcde,English
Wall of Denial,1,Near Mint,Modern Masters 2017,0.37,abcde,English
"Arixmethes, Slumbering Isle",1,Near Mint,March of the Machine: Multiverse Legends,1.43,abcde,English
"Baral, Chief of Compliance",2,Near Mint,March of the Machine: Multiverse Legends,1.49,abcde,English
"Emry, Lurker of the Loch",1,Near Mint,March of the Machine: Multiverse Legends,0.88,abcde,English
"Goreclaw, Terror of Qal Sisma",1,Near Mint,March of the Machine: Multiverse Legends,0.64,abcde,English
Lurrus of the Dream-Den,1,Near Mint,March of the Machine: Multiverse Legends,1.04,abcde,English
"Sram, Senior Edificer",2,Near Mint,March of the Machine: Multiverse Legends,1.24,abcde,English
Blackblade Reforged,1,Near Mint,Commander: Kamigawa: Neon Dynasty,0.49,abcde,English
Ruthless Technomancer,2,Near Mint,Commander: Kamigawa: Neon Dynasty,2.33,abcde,English
Whiptongue Hydra,1,Near Mint,Commander: Kamigawa: Neon Dynasty,0.69,abcde,English
Army of the Damned,1,Near Mint,Commander: Streets of New Capenna,0.58,abcde,English
Body Count,1,Near Mint,Commander: Streets of New Capenna,0.87,abcde,English
Boxing Ring,1,Near Mint,Commander: Streets of New Capenna,0.62,abcde,English
River's Rebuke,1,Near Mint,Commander: Streets of New Capenna,0.65,abcde,English
Seize the Spotlight - Extended Art,1,Near Mint,Commander: Streets of New Capenna,6.62,abcde,English
Threefold Signal,1,Near Mint,Commander: Streets of New Capenna,0.51,abcde,English
Dispatch,2,Near Mint,New Phyrexia,1.71,abcde,English
Mental Misstep,1,Near Mint,New Phyrexia,8.67,abcde,English
Dragon Roost,1,Near Mint,Onslaught,0.52,abcde,English
Grand Melee,1,Near Mint,Onslaught,1.37,abcde,English
Symbiotic Wurm,1,Near Mint,Onslaught,1.6,abcde,English
Gleeful Demolition,1,Near Mint,Phyrexia: All Will Be One,1.54,abcde,English
Mindsplice Apparatus,1,Near Mint,Phyrexia: All Will Be One,1.18,abcde,English
Mindsplice Apparatus - Extended Art,1,Near Mint,Phyrexia: All Will Be One,1.1,abcde,English
Seachrome Coast,1,Near Mint,Phyrexia: All Will Be One,3.54,abcde,English
The Seedcore,1,Near Mint,Phyrexia: All Will Be One,0.73,abcde,English
Glistening Sphere - Extended Art,1,Near Mint,Commander: Phyrexia: All Will Be One,3.89,abcde,English
Hexplate Wallbreaker - Extended Art,1,Near Mint,Commander: Phyrexia: All Will Be One,1.04,abcde,English
Monumental Corruption,1,Near Mint,Commander: Phyrexia: All Will Be One,0.82,abcde,English
"Vishgraz, the Doomhive - Extended Art",1,Near Mint,Commander: Phyrexia: All Will Be One,1.92,abcde,English
Nightscape Familiar,1,Near Mint,Planeshift,0.62,abcde,English
Earthquake,1,Near Mint,Portal Second Age,13.52,abcde,English
Sphinx's Revelation,1,Near Mint,Ravnica Allegiance Guild Kits,1.3,abcde,English
Wilderness Reclamation,1,Near Mint,Ravnica Allegiance,1.44,abcde,English
Massacre Girl - Retro Frame,1,Near Mint,Ravnica Remastered,0.59,abcde,English
Lightning Helix,2,Near Mint,Ravnica: City of Guilds,0.77,abcde,English
Golgari Charm,2,Near Mint,Return to Ravnica,0.84,abcde,English
Hover Barrier,1,Near Mint,Return to Ravnica,0.41,abcde,English
Animate Wall,1,Near Mint,Revised Edition,0.61,abcde,English
Black Vise,2,Near Mint,Revised Edition,0.92,abcde,English
Blessing,1,Near Mint,Revised Edition,1.46,abcde,English
Blue Elemental Blast,2,Near Mint,Revised Edition,0.98,abcde,English
Bottle of Suleiman,1,Near Mint,Revised Edition,0.52,abcde,English
Clone,1,Near Mint,Revised Edition,1.75,abcde,English
Dark Ritual,3,Near Mint,Revised Edition,1.63,abcde,English
Darkpact,1,Near Mint,Revised Edition,1.23,abcde,English
Disenchant,1,Near Mint,Revised Edition,0.24,abcde,English
Eye for an Eye,1,Near Mint,Revised Edition,1.18,abcde,English
Farmstead,2,Near Mint,Revised Edition,0.98,abcde,English
Forest (Rocks),3,Near Mint,Revised Edition,0.24,abcde,English
Forest (Path),3,Near Mint,Revised Edition,0.49,abcde,English
Forest (Eyes),1,Near Mint,Revised Edition,0.36,abcde,English
Fungusaur,1,Near Mint,Revised Edition,0.49,abcde,English
Hurkyl's Recall,1,Near Mint,Revised Edition,1.8,abcde,English
Island (Purple),1,Near Mint,Revised Edition,0.37,abcde,English
Island (Green),2,Near Mint,Revised Edition,0.43,abcde,English
Llanowar Elves,2,Near Mint,Revised Edition,0.85,abcde,English
Lord of the Pit,2,Near Mint,Revised Edition,2.97,abcde,English
Lure,1,Near Mint,Revised Edition,0.52,abcde,English
Mountain (Slate),1,Near Mint,Revised Edition,0.35,abcde,English
Mountain (Dirt),3,Near Mint,Revised Edition,0.35,abcde,English
Northern Paladin,1,Near Mint,Revised Edition,1.16,abcde,English
Personal Incarnation,1,Near Mint,Revised Edition,1.04,abcde,English
Plains (No Trees),5,Near Mint,Revised Edition,0.44,abcde,English
Plains (Trees),4,Near Mint,Revised Edition,0.4,abcde,English
Plains (No Mountains),2,Near Mint,Revised Edition,0.36,abcde,English
Righteousness,2,Near Mint,Revised Edition,1.18,abcde,English
Sacrifice,4,Near Mint,Revised Edition,3.55,abcde,English
Savannah Lions,1,Near Mint,Revised Edition,5.04,abcde,English
Sengir Vampire,2,Near Mint,Revised Edition,1.24,abcde,English
Sleight of Mind,1,Near Mint,Revised Edition,0.53,abcde,English
Swamp (Two Branches),2,Near Mint,Revised Edition,0.71,abcde,English
The Rack,1,Near Mint,Revised Edition,0.86,abcde,English
Veteran Bodyguard,1,Near Mint,Revised Edition,1.81,abcde,English
White Knight,2,Near Mint,Revised Edition,0.5,abcde,English
Lord of Shatterskull Pass,1,Near Mint,Rise of the Eldrazi,0.7,abcde,English
Swamp,1,Near Mint,Rivals of Ixalan,0.51,abcde,English
Thoughts of Ruin,1,Near Mint,Saviors of Kamigawa,0.9,abcde,English
Galvanic Blast,1,Near Mint,Scars of Mirrodin,1.25,abcde,English
Kuldotha Rebirth,2,Near Mint,Scars of Mirrodin,1.45,abcde,English
Palladium Myr,1,Near Mint,Scars of Mirrodin,0.56,abcde,English
Mana Clash,2,Near Mint,Seventh Edition,0.66,abcde,English
Swamp (348),1,Near Mint,Seventh Edition,0.62,abcde,English
Guttural Response,2,Near Mint,Shadowmoor,1.33,abcde,English
Island (287),2,Near Mint,Shadowmoor,0.46,abcde,English
Kitchen Finks,1,Near Mint,Shadowmoor,0.52,abcde,English
Duskwatch Recruiter // Krallenhorde Howler,2,Near Mint,Shadows Over Innistrad,0.51,abcde,English
Open the Armory,1,Near Mint,Shadows Over Innistrad,1.02,abcde,English
Jungle Shrine,1,Near Mint,Shards of Alara,0.47,abcde,English
Predator Dragon,1,Near Mint,Shards of Alara,0.54,abcde,English
Past in Flames,1,Near Mint,Signature Spellbook: Chandra,0.65,abcde,English
Soul Shatter,1,Near Mint,Starter Commander Decks,2.69,abcde,English
Elspeth Resplendent,3,Near Mint,Streets of New Capenna,3.56,abcde,English
Fight Rigging,1,Near Mint,Streets of New Capenna,1.0,abcde,English
Gala Greeters,1,Near Mint,Streets of New Capenna,1.22,abcde,English
"Jaxis, the Troublemaker",2,Near Mint,Streets of New Capenna,0.51,abcde,English
"Lord Xander, the Collector",1,Near Mint,Streets of New Capenna,1.92,abcde,English
Rabble Rousing,1,Near Mint,Streets of New Capenna,0.95,abcde,English
Sanctuary Warden,1,Near Mint,Streets of New Capenna,0.62,abcde,English
Topiary Stomper,1,Near Mint,Streets of New Capenna,1.61,abcde,English
Vivien on the Hunt,1,Near Mint,Streets of New Capenna,0.58,abcde,English
Void Rend,1,Near Mint,Streets of New Capenna,1.38,abcde,English
Grapeshot,1,Near Mint,Strixhaven: Mystical Archives,0.48,abcde,English
Lightning Helix,1,Near Mint,Strixhaven: Mystical Archives,0.72,abcde,English
Tendrils of Agony - Japanese Alternate Art,1,Near Mint,Strixhaven: Mystical Archives,1.38,abcde,English
Access Tunnel,2,Near Mint,Strixhaven: School of Mages,0.82,abcde,English
Blade Historian,1,Near Mint,Strixhaven: School of Mages,1.83,abcde,English
Blot Out the Sky,2,Near Mint,Strixhaven: School of Mages,0.63,abcde,English
"Kasmina, Enigma Sage - Borderless",1,Near Mint,Strixhaven: School of Mages,1.91,abcde,English
Mascot Exhibition - Extended Art,1,Near Mint,Strixhaven: School of Mages,0.77,abcde,English
Plumb the Forbidden,1,Near Mint,Strixhaven: School of Mages,2.85,abcde,English
Nazgul Battle-Mace - Borderless,1,Near Mint,Commander: The Lord of the Rings: Tales of Middle-earth,4.1,abcde,English
Olorin's Searing Light - Borderless,1,Near Mint,Commander: The Lord of the Rings: Tales of Middle-earth,0.98,abcde,English
Chaotic Goo,1,Near Mint,Tempest,2.02,abcde,English
Counterspell,1,Near Mint,Tempest,2.23,abcde,English
Arcanis the Omnipotent,1,Near Mint,Tenth Edition,0.85,abcde,English
Gixian Puppeteer,1,Near Mint,The Brothers' War,0.81,abcde,English
Mishra's Foundry,3,Near Mint,The Brothers' War,0.8,abcde,English
One with the Multiverse,1,Near Mint,The Brothers' War,5.05,abcde,English
Painful Quandary,1,Near Mint,The Brothers' War,1.13,abcde,English
Siege Veteran - Extended Art,1,Near Mint,The Brothers' War,0.5,abcde,English
Surge Engine,3,Near Mint,The Brothers' War,1.18,abcde,English
Teething Wurmlet,2,Near Mint,The Brothers' War,0.55,abcde,English
"Jhoira, Weatherlight Captain",1,Near Mint,Commander: The Brothers' War,1.71,abcde,English
Machine God's Effigy,1,Near Mint,Commander: The Brothers' War,1.22,abcde,English
Master Transmuter,1,Near Mint,Commander: The Brothers' War,0.95,abcde,English
Oblivion Stone,1,Near Mint,Commander: The Brothers' War,0.95,abcde,English
Sardian Avenger,1,Near Mint,Commander: The Brothers' War,3.92,abcde,English
Astral Cornucopia - Retro Schematic,1,Near Mint,The Brothers' War: Retro Frame Artifacts,0.77,abcde,English
Blackblade Reforged - Retro Frame,1,Near Mint,The Brothers' War: Retro Frame Artifacts,0.58,abcde,English
Cloud Key - Retro Frame,2,Near Mint,The Brothers' War: Retro Frame Artifacts,2.44,abcde,English
Inspiring Statuary - Retro Schematic,1,Near Mint,The Brothers' War: Retro Frame Artifacts,0.65,abcde,English
Scrap Trawler - Retro Frame,1,Near Mint,The Brothers' War: Retro Frame Artifacts,0.62,abcde,English
Semblance Anvil - Retro Frame,1,Near Mint,The Brothers' War: Retro Frame Artifacts,0.82,abcde,English
Semblance Anvil - Retro Schematic,1,Near Mint,The Brothers' War: Retro Frame Artifacts,1.37,abcde,English
Sundering Titan - Retro Frame,1,Near Mint,The Brothers' War: Retro Frame Artifacts,0.58,abcde,English
Unwinding Clock - Retro Frame,1,Near Mint,The Brothers' War: Retro Frame Artifacts,9.7,abcde,English
Curse Artifact,2,Near Mint,The Dark,0.96,abcde,English
Dust to Dust,2,Near Mint,The Dark,8.75,abcde,English
Fasting,1,Near Mint,The Dark,0.81,abcde,English
Runesword,1,Near Mint,The Dark,1.5,abcde,English
Wand of Ith,2,Near Mint,The Dark,1.33,abcde,English
War Barge,1,Near Mint,The Dark,1.12,abcde,English
Admiral Beckett Brass - The List,1,Near Mint,The List,0.53,abcde,English
Borborygmos Enraged - The List,2,Near Mint,The List,0.54,abcde,English
Entreat the Dead - The List,1,Near Mint,The List,2.86,abcde,English
Game Plan - The List,2,Near Mint,The List,1.22,abcde,English
Gruul Signet,1,Near Mint,Mystery Booster,0.58,abcde,English
Guttural Response - The List,3,Near Mint,The List,0.83,abcde,English
Queen Marchesa,1,Near Mint,Mystery Booster,0.54,abcde,English
Rancor,1,Near Mint,Mystery Booster,1.05,abcde,English
Reaper of Sheoldred - The List,1,Near Mint,The List,0.51,abcde,English
Borne Upon a Wind,1,Near Mint,The Lord of the Rings: Tales of Middle-earth,1.07,abcde,English
Doors of Durin,1,Near Mint,The Lord of the Rings: Tales of Middle-earth,0.52,abcde,English
Entish Restoration,1,Near Mint,The Lord of the Rings: Tales of Middle-earth,1.11,abcde,English
One Ring to Rule Them All,1,Near Mint,The Lord of the Rings: Tales of Middle-earth,1.37,abcde,English
Rising of the Day,2,Near Mint,The Lord of the Rings: Tales of Middle-earth,0.45,abcde,English
The Battle of Bywater,1,Near Mint,The Lord of the Rings: Tales of Middle-earth,1.33,abcde,English
War of the Last Alliance,1,Near Mint,The Lord of the Rings: Tales of Middle-earth,0.71,abcde,English
"Matzalantli, the Great Door // The Core",1,Near Mint,The Lost Caverns of Ixalan,0.94,abcde,English
Molten Collapse,2,Near Mint,The Lost Caverns of Ixalan,1.31,abcde,English
Restless Reef,2,Near Mint,The Lost Caverns of Ixalan,0.96,abcde,English
Sentinel of the Nameless City,1,Near Mint,The Lost Caverns of Ixalan,1.51,abcde,English
Squirming Emergence,3,Near Mint,The Lost Caverns of Ixalan,0.57,abcde,English
Stalactite Stalker,1,Near Mint,The Lost Caverns of Ixalan,1.13,abcde,English
Sunken Citadel,1,Near Mint,The Lost Caverns of Ixalan,1.9,abcde,English
Tarrian's Soulcleaver,1,Near Mint,The Lost Caverns of Ixalan,2.29,abcde,English
The Ancient One,3,Near Mint,The Lost Caverns of Ixalan,1.65,abcde,English
The Mycotyrant,1,Near Mint,The Lost Caverns of Ixalan,1.13,abcde,English
The Mycotyrant - Showcase,1,Near Mint,The Lost Caverns of Ixalan,1.67,abcde,English
Thousand Moons Smithy // Barracks of the Thousand,2,Near Mint,The Lost Caverns of Ixalan,1.47,abcde,English
"Vito, Fanatic of Aclazotz - Showcase",1,Near Mint,The Lost Caverns of Ixalan,0.57,abcde,English
Warden of the Inner Sky,1,Near Mint,The Lost Caverns of Ixalan,1.64,abcde,English
"Clavileno, First of the Blessed - Showcase",1,Near Mint,Commander: The Lost Caverns of Ixalan,1.33,abcde,English
Eye of Ojer Taq // Apex Observatory - Extended Art,1,Near Mint,Commander: The Lost Caverns of Ixalan,1.23,abcde,English
Rakdos Charm,1,Near Mint,Commander: The Lost Caverns of Ixalan,0.32,abcde,English
Chained to the Rocks,1,Near Mint,Theros,0.71,abcde,English
Colossus of Akros,1,Near Mint,Theros,0.83,abcde,English
Gray Merchant of Asphodel,5,Near Mint,Theros,0.52,abcde,English
Hammer of Purphoros,1,Near Mint,Theros,1.73,abcde,English
Alseid of Life's Bounty - Dark Frame Promo,1,Near Mint,Promo Pack: Theros Beyond Death,0.75,abcde,English
Ironscale Hydra - Theme Booster Exclusive,1,Near Mint,Theros Beyond Death,2.56,abcde,English
Island (251),1,Near Mint,Theros Beyond Death,1.5,abcde,English
Chittering Witch - Brawl Deck Exclusive,1,Near Mint,Throne of Eldraine,1.48,abcde,English
Kenrith's Transformation,3,Near Mint,Throne of Eldraine,1.07,abcde,English
Witch's Cottage,5,Near Mint,Throne of Eldraine,0.7,abcde,English
Witch's Oven,1,Near Mint,Throne of Eldraine,0.87,abcde,English
Dwarf Token,2,Near Mint,Throne of Eldraine,0.42,abcde,English
Basal Sliver,2,Near Mint,Time Spiral,0.63,abcde,English
Harmonic Sliver,2,Near Mint,Time Spiral,0.57,abcde,English
Opaline Sliver,4,Near Mint,Time Spiral,1.86,abcde,English
Quilled Sliver,2,Near Mint,Time Spiral,0.5,abcde,English
Krosan Grip,1,Near Mint,Time Spiral Remastered,0.7,abcde,English
Mana Tithe,1,Near Mint,Time Spiral Remastered,0.84,abcde,English
Restore Balance,1,Near Mint,Time Spiral Remastered,0.54,abcde,English
Simian Spirit Guide,2,Near Mint,Time Spiral Remastered,1.17,abcde,English
Utopia Mycon,1,Near Mint,Time Spiral Remastered,0.62,abcde,English
Wheel of Fate,1,Near Mint,Time Spiral Remastered,3.45,abcde,English
Dandan,1,Near Mint,Timeshifted,7.06,abcde,English
Dawn Charm,1,Near Mint,Ultimate Masters,0.96,abcde,English
Desperate Ritual,1,Near Mint,Ultimate Masters,1.17,abcde,English
Mountain (Fog),1,Near Mint,Unlimited,2.57,abcde,English
Plains (No Trees),1,Near Mint,Unlimited,3.98,abcde,English
Plains (Trees),1,Near Mint,Unlimited,2.21,abcde,English
Plains (No Mountains),1,Near Mint,Unlimited,1.88,abcde,English
Crop Rotation,2,Near Mint,Urza's Legacy,1.84,abcde,English
Abundance,1,Near Mint,Urza's Saga,4.11,abcde,English
Acidic Soil,1,Near Mint,Urza's Saga,1.54,abcde,English
Bedlam,1,Near Mint,Urza's Saga,2.97,abcde,English
Lotus Blossom,1,Near Mint,Urza's Saga,1.84,abcde,English
Bolt Bend,1,Near Mint,War of the Spark,2.96,abcde,English
Dreadhorde Invasion,1,Near Mint,War of the Spark,0.63,abcde,English
God-Pharaoh's Statue,1,Near Mint,War of the Spark,0.49,abcde,English
Kaya's Ghostform,1,Near Mint,War of the Spark,1.1,abcde,English
Lazotep Plating,3,Near Mint,War of the Spark,0.74,abcde,English
Biophagus,1,Near Mint,"Commander: Universes Beyond: Warhammer 40,000",6.75,abcde,English
Goblin Bomb,1,Near Mint,Weatherlight,12.49,abcde,English
Asinine Antics,1,Near Mint,Wilds of Eldraine,0.61,abcde,English
Charming Scoundrel,2,Near Mint,Wilds of Eldraine,1.31,abcde,English
Decadent Dragon // Expensive Taste - Showcase,1,Near Mint,Wilds of Eldraine,1.05,abcde,English
Hylda of the Icy Crown,1,Near Mint,Wilds of Eldraine,0.79,abcde,English
Mosswood Dreadknight // Dread Whispers,1,Near Mint,Wilds of Eldraine,1.22,abcde,English
Realm-Scorcher Hellkite - Extended Art,1,Near Mint,Wilds of Eldraine,1.57,abcde,English
"Syr Ginger, the Meal Ender",4,Near Mint,Wilds of Eldraine,0.91,abcde,English
Garruk's Uprising,1,Near Mint,Wilds of Eldraine: Enchanting Tales,0.54,abcde,English
Impact Tremors,1,Near Mint,Wilds of Eldraine: Enchanting Tales,0.53,abcde,English
Nature's Will,1,Near Mint,Wilds of Eldraine: Enchanting Tales,0.95,abcde,English
Repercussion,1,Near Mint,Wilds of Eldraine: Enchanting Tales,2.67,abcde,English
Sanguine Bond,1,Near Mint,Wilds of Eldraine: Enchanting Tales,1.48,abcde,English
Everflowing Chalice,1,Near Mint,Worldwake,0.59,abcde,English
Journey to Nowhere,3,Near Mint,Zendikar,1.61,abcde,English
Quest for Pure Flame,1,Near Mint,Zendikar,0.42,abcde,English
Island (381),5,Near Mint,Zendikar Rising,0.76,abcde,English
Mountain (383),1,Near Mint,Zendikar Rising,0.74,abcde,English
Soul Shatter,1,Near Mint,Zendikar Rising,2.94,abcde,English
Swamp (382),1,Near Mint,Zendikar Rising,1.02,abcde,English
Admonition Angel,2,Near Mint,Commander: Zendikar Rising,0.71,abcde,English
Evolution Sage,1,Near Mint,Commander: Zendikar Rising,1.15,abcde,English
Inspiring Call,1,Near Mint,Commander: Zendikar Rising,0.53,abcde,English
"Mina and Denn, Wildborn",2,Near Mint,Commander: Zendikar Rising,0.5,abcde,English
"Multani, Yavimaya's Avatar",1,Near Mint,Commander: Zendikar Rising,1.5,abcde,English
"Omnath, Locus of Rage",1,Near Mint,Commander: Zendikar Rising,3.12,abcde,English
Rites of Flourishing,1,Near Mint,Commander: Zendikar Rising,1.18,abcde,English
